[LiveDataSource] subscribed to pump.fun migration events
Starting bot | mode=dry_run | balance=$7.00 | max_bankroll=$7.00
[LiveDataSource] price lookup failed for g2RSdC1dGjSccoEWPCh461m8VnrjUguSj9fHmgspump: 429 Client Error: Too Many Requests for url: https://api.jup.ag/price/v3?ids=g2RSdC1dGjSccoEWPCh461m8VnrjUguSj9fHmgspump
[LiveDataSource] price lookup failed for DE5UjCdSnVHPFhA52YdbFA1tDrEBjgNrmiqw3J7cpump: 429 Client Error: Too Many Requests for url: https://api.jup.ag/price/v3?ids=DE5UjCdSnVHPFhA52YdbFA1tDrEBjgNrmiqw3J7cpump
[LiveDataSource] price lookup failed for 8Xm9aXbWT5YQ6xE2KwGaFLr9WGry6M3ry4Cu9nKfovwu: 429 Client Error: Too Many Requests for url: https://api.jup.ag/price/v3?ids=8Xm9aXbWT5YQ6xE2KwGaFLr9WGry6M3ry4Cu9nKfovwu
[LiveDataSource] price lookup failed for 8Xm9aXbWT5YQ6xE2KwGaFLr9WGry6M3ry4Cu9nKfovwu: 429 Client Error: Too Many Requests for url: https://api.jup.ag/price/v3?ids=8Xm9aXbWT5YQ6xE2KwGaFLr9WGry6M3ry4Cu9nKfovwu
[LiveDataSource] price lookup failed for EZEY1xiCfEhRCNthYmx72EH7XUC3NJwoGwZ5Wf2Vpump: 429 Client Error: Too Many Requests for url: https://api.jup.ag/price/v3?ids=EZEY1xiCfEhRCNthYmx72EH7XUC3NJwoGwZ5Wf2Vpump
[LiveDataSource] price lookup failed for EZEY1xiCfEhRCNthYmx72EH7XUC3NJwoGwZ5Wf2Vpump: 429 Client Error: Too Many Requests for url: https://api.jup.ag/price/v3?ids=EZEY1xiCfEhRCNthYmx72EH7XUC3NJwoGwZ5Wf2Vpump
[LiveDataSource] price lookup failed for 2vRwe68ErrP1eKWKDnEkkVUZPeDacrD6VowEE3Tppump: 429 Client Error: Too Many Requests for url: https://api.jup.ag/price/v3?ids=2vRwe68ErrP1eKWKDnEkkVUZPeDacrD6VowEE3Tppump
[LiveDataSource] price lookup failed for FubRXhjjY9jFyMG3b9MP5XSj6tbSvUDB4mJPbueCpump: 429 Client Error: Too Many Requests for url: https://api.jup.ag/price/v3?ids=FubRXhjjY9jFyMG3b9MP5XSj6tbSvUDB4mJPbueCpump
[LiveDataSource] price lookup failed for 3SGd5rKoZapZrYENYiy8Yb6A1evrWioAZ6bP7wFxpump: 429 Client Error: Too Many Requests for url: https://api.jup.ag/price/v3?ids=3SGd5rKoZapZrYENYiy8Yb6A1evrWioAZ6bP7wFxpump
[LiveDataSource] price lookup failed for 3SGd5rKoZapZrYENYiy8Yb6A1evrWioAZ6bP7wFxpump: 429 Client Error: Too Many Requests for url: https://api.jup.ag/price/v3?ids=3SGd5rKoZapZrYENYiy8Yb6A1evrWioAZ6bP7wFxpump
[LiveDataSource] price lookup failed for 6tfziQZ3SotunzFA9R3P18Jvqm5Q5yq6a3JVYjgbpump: 429 Client Error: Too Many Requests for url: https://api.jup.ag/price/v3?ids=6tfziQZ3SotunzFA9R3P18Jvqm5Q5yq6a3JVYjgbpump
[LiveDataSource] price lookup failed for FubRXhjjY9jFyMG3b9MP5XSj6tbSvUDB4mJPbueCpump: 429 Client Error: Too Many Requests for url: https://api.jup.ag/price/v3?ids=FubRXhjjY9jFyMG3b9MP5XSj6tbSvUDB4mJPbueCpump
[LiveDataSource] price lookup failed for FubRXhjjY9jFyMG3b9MP5XSj6tbSvUDB4mJPbueCpump: 429 Client Error: Too Many Requests for url: https://api.jup.ag/price/v3?ids=FubRXhjjY9jFyMG3b9MP5XSj6tbSvUDB4mJPbueCpump
[LiveDataSource] price lookup failed for FubRXhjjY9jFyMG3b9MP5XSj6tbSvUDB4mJPbueCpump: 429 Client Error: Too Many Requests for url: https://api.jup.ag/price/v3?ids=FubRXhjjY9jFyMG3b9MP5XSj6tbSvUDB4mJPbueCpump
[LiveDataSource] price lookup failed for 3SGd5rKoZapZrYENYiy8Yb6A1evrWioAZ6bP7wFxpump: 429 Client Error: Too Many Requests for url: https://api.jup.ag/price/v3?ids=3SGd5rKoZapZrYENYiy8Yb6A1evrWioAZ6bP7wFxpump
[LiveDataSource] price lookup failed for 3SGd5rKoZapZrYENYiy8Yb6A1evrWioAZ6bP7wFxpump: 429 Client Error: Too Many Requests for url: https://api.jup.ag/price/v3?ids=3SGd5rKoZapZrYENYiy8Yb6A1evrWioAZ6bP7wFxpump
[LiveDataSource] price lookup failed for FubRXhjjY9jFyMG3b9MP5XSj6tbSvUDB4mJPbueCpump: 429 Client Error: Too Many Requests for url: https://api.jup.ag/price/v3?ids=FubRXhjjY9jFyMG3b9MP5XSj6tbSvUDB4mJPbueCpump
[LiveDataSource] price lookup failed for Y9JXtqYEdupke47q1gXasbs2Ew37vCWVnEPxkWUpump: 429 Client Error: Too Many Requests for url: https://api.jup.ag/price/v3?ids=Y9JXtqYEdupke47q1gXasbs2Ew37vCWVnEPxkWUpump
[LiveDataSource] price lookup failed for B2aMig4am6NRtr6NQwW7NkFDiXUrq236PogVcDU9pump: 429 Client Error: Too Many Requests for url: https://api.jup.ag/price/v3?ids=B2aMig4am6NRtr6NQwW7NkFDiXUrq236PogVcDU9pump
[LiveDataSource] price lookup failed for 4QUjnR4TQCCRDCkYDwJZ8q3DHVuGrEvtQ8u8Nhk2pump: 429 Client Error: Too Many Requests for url: https://api.jup.ag/price/v3?ids=4QUjnR4TQCCRDCkYDwJZ8q3DHVuGrEvtQ8u8Nhk2pump
[LiveDataSource] price lookup failed for XFNwRqKhmdnZazbxwwdHSfiXqMKrij1ZiNhSoqNpump: 429 Client Error: Too Many Requests for url: https://api.jup.ag/price/v3?ids=XFNwRqKhmdnZazbxwwdHSfiXqMKrij1ZiNhSoqNpump
[LiveDataSource] price lookup failed for XFNwRqKhmdnZazbxwwdHSfiXqMKrij1ZiNhSoqNpump: 429 Client Error: Too Many Requests for url: https://api.jup.ag/price/v3?ids=XFNwRqKhmdnZazbxwwdHSfiXqMKrij1ZiNhSoqNpump
[LiveDataSource] price lookup failed for XFNwRqKhmdnZazbxwwdHSfiXqMKrij1ZiNhSoqNpump: 429 Client Error: Too Many Requests for url: https://api.jup.ag/price/v3?ids=XFNwRqKhmdnZazbxwwdHSfiXqMKrij1ZiNhSoqNpump
[LiveDataSource] price lookup failed for 4QUjnR4TQCCRDCkYDwJZ8q3DHVuGrEvtQ8u8Nhk2pump: 429 Client Error: Too Many Requests for url: https://api.jup.ag/price/v3?ids=4QUjnR4TQCCRDCkYDwJZ8q3DHVuGrEvtQ8u8Nhk2pump
[LiveDataSource] price lookup failed for 4QUjnR4TQCCRDCkYDwJZ8q3DHVuGrEvtQ8u8Nhk2pump: 429 Client Error: Too Many Requests for url: https://api.jup.ag/price/v3?ids=4QUjnR4TQCCRDCkYDwJZ8q3DHVuGrEvtQ8u8Nhk2pump
[LiveDataSource] price lookup failed for XFNwRqKhmdnZazbxwwdHSfiXqMKrij1ZiNhSoqNpump: 429 Client Error: Too Many Requests for url: https://api.jup.ag/price/v3?ids=XFNwRqKhmdnZazbxwwdHSfiXqMKrij1ZiNhSoqNpump
[LiveDataSource] price lookup failed for XFNwRqKhmdnZazbxwwdHSfiXqMKrij1ZiNhSoqNpump: 429 Client Error: Too Many Requests for url: https://api.jup.ag/price/v3?ids=XFNwRqKhmdnZazbxwwdHSfiXqMKrij1ZiNhSoqNpump
[LiveDataSource] price lookup failed for 4QUjnR4TQCCRDCkYDwJZ8q3DHVuGrEvtQ8u8Nhk2pump: 429 Client Error: Too Many Requests for url: https://api.jup.ag/price/v3?ids=4QUjnR4TQCCRDCkYDwJZ8q3DHVuGrEvtQ8u8Nhk2pump
[LiveDataSource] price lookup failed for XFNwRqKhmdnZazbxwwdHSfiXqMKrij1ZiNhSoqNpump: 429 Client Error: Too Many Requests for url: https://api.jup.ag/price/v3?ids=XFNwRqKhmdnZazbxwwdHSfiXqMKrij1ZiNhSoqNpump
[LiveDataSource] price lookup failed for 4QUjnR4TQCCRDCkYDwJZ8q3DHVuGrEvtQ8u8Nhk2pump: 429 Client Error: Too Many Requests for url: https://api.jup.ag/price/v3?ids=4QUjnR4TQCCRDCkYDwJZ8q3DHVuGrEvtQ8u8Nhk2pump
[LiveDataSource] price lookup failed for XFNwRqKhmdnZazbxwwdHSfiXqMKrij1ZiNhSoqNpump: 429 Client Error: Too Many Requests for url: https://api.jup.ag/price/v3?ids=XFNwRqKhmdnZazbxwwdHSfiXqMKrij1ZiNhSoqNpump
[LiveDataSource] price lookup failed for XFNwRqKhmdnZazbxwwdHSfiXqMKrij1ZiNhSoqNpump: 429 Client Error: Too Many Requests for url: https://api.jup.ag/price/v3?ids=XFNwRqKhmdnZazbxwwdHSfiXqMKrij1ZiNhSoqNpump
[LiveDataSource] price lookup failed for 4QUjnR4TQCCRDCkYDwJZ8q3DHVuGrEvtQ8u8Nhk2pump: 429 Client Error: Too Many Requests for url: https://api.jup.ag/price/v3?ids=4QUjnR4TQCCRDCkYDwJZ8q3DHVuGrEvtQ8u8Nhk2pump
[LiveDataSource] price lookup failed for XFNwRqKhmdnZazbxwwdHSfiXqMKrij1ZiNhSoqNpump: 429 Client Error: Too Many Requests for url: https://api.jup.ag/price/v3?ids=XFNwRqKhmdnZazbxwwdHSfiXqMKrij1ZiNhSoqNpump
[LiveDataSource] price lookup failed for XFNwRqKhmdnZazbxwwdHSfiXqMKrij1ZiNhSoqNpump: 429 Client Error: Too Many Requests for url: https://api.jup.ag/price/v3?ids=XFNwRqKhmdnZazbxwwdHSfiXqMKrij1ZiNhSoqNpump
[LiveDataSource] price lookup failed for 4QUjnR4TQCCRDCkYDwJZ8q3DHVuGrEvtQ8u8Nhk2pump: 429 Client Error: Too Many Requests for url: https://api.jup.ag/price/v3?ids=4QUjnR4TQCCRDCkYDwJZ8q3DHVuGrEvtQ8u8Nhk2pump
[LiveDataSource] price lookup failed for 4QUjnR4TQCCRDCkYDwJZ8q3DHVuGrEvtQ8u8Nhk2pump: 429 Client Error: Too Many Requests for url: https://api.jup.ag/price/v3?ids=4QUjnR4TQCCRDCkYDwJZ8q3DHVuGrEvtQ8u8Nhk2pump
[LiveDataSource] price lookup failed for 4QUjnR4TQCCRDCkYDwJZ8q3DHVuGrEvtQ8u8Nhk2pump: 429 Client Error: Too Many Requests for url: https://api.jup.ag/price/v3?ids=4QUjnR4TQCCRDCkYDwJZ8q3DHVuGrEvtQ8u8Nhk2pump
[LiveDataSource] price lookup failed for 4QUjnR4TQCCRDCkYDwJZ8q3DHVuGrEvtQ8u8Nhk2pump: 429 Client Error: Too Many Requests for url: https://api.jup.ag/price/v3?ids=4QUjnR4TQCCRDCkYDwJZ8q3DHVuGrEvtQ8u8Nhk2pump
[LiveDataSource] price lookup failed for XFNwRqKhmdnZazbxwwdHSfiXqMKrij1ZiNhSoqNpump: 429 Client Error: Too Many Requests for url: https://api.jup.ag/price/v3?ids=XFNwRqKhmdnZazbxwwdHSfiXqMKrij1ZiNhSoqNpump
[LiveDataSource] price lookup failed for XFNwRqKhmdnZazbxwwdHSfiXqMKrij1ZiNhSoqNpump: 429 Client Error: Too Many Requests for url: https://api.jup.ag/price/v3?ids=XFNwRqKhmdnZazbxwwdHSfiXqMKrij1ZiNhSoqNpump
[LiveDataSource] price lookup failed for 4QUjnR4TQCCRDCkYDwJZ8q3DHVuGrEvtQ8u8Nhk2pump: 429 Client Error: Too Many Requests for url: https://api.jup.ag/price/v3?ids=4QUjnR4TQCCRDCkYDwJZ8q3DHVuGrEvtQ8u8Nhk2pump
[LiveDataSource] price lookup failed for 4QUjnR4TQCCRDCkYDwJZ8q3DHVuGrEvtQ8u8Nhk2pump: 429 Client Error: Too Many Requests for url: https://api.jup.ag/price/v3?ids=4QUjnR4TQCCRDCkYDwJZ8q3DHVuGrEvtQ8u8Nhk2pump
[LiveDataSource] price lookup failed for XFNwRqKhmdnZazbxwwdHSfiXqMKrij1ZiNhSoqNpump: 429 Client Error: Too Many Requests for url: https://api.jup.ag/price/v3?ids=XFNwRqKhmdnZazbxwwdHSfiXqMKrij1ZiNhSoqNpump
[LiveDataSource] price lookup failed for 4QUjnR4TQCCRDCkYDwJZ8q3DHVuGrEvtQ8u8Nhk2pump: 429 Client Error: Too Many Requests for url: https://api.jup.ag/price/v3?ids=4QUjnR4TQCCRDCkYDwJZ8q3DHVuGrEvtQ8u8Nhk2pump
[LiveDataSource] price lookup failed for XFNwRqKhmdnZazbxwwdHSfiXqMKrij1ZiNhSoqNpump: 429 Client Error: Too Many Requests for url: https://api.jup.ag/price/v3?ids=XFNwRqKhmdnZazbxwwdHSfiXqMKrij1ZiNhSoqNpump
[LiveDataSource] price lookup failed for DphJRoZQg8xD34iPJvWaU8BstruxouZANSahjDFMpump: 429 Client Error: Too Many Requests for url: https://api.jup.ag/price/v3?ids=DphJRoZQg8xD34iPJvWaU8BstruxouZANSahjDFMpump
[LiveDataSource] price lookup failed for HLfJtXo21Tzhsc8Hynb6wk2Qji5TwyKRm5TpnQJupump: 429 Client Error: Too Many Requests for url: https://api.jup.ag/price/v3?ids=HLfJtXo21Tzhsc8Hynb6wk2Qji5TwyKRm5TpnQJupump
[LiveDataSource] price lookup failed for 4QUjnR4TQCCRDCkYDwJZ8q3DHVuGrEvtQ8u8Nhk2pump: 429 Client Error: Too Many Requests for url: https://api.jup.ag/price/v3?ids=4QUjnR4TQCCRDCkYDwJZ8q3DHVuGrEvtQ8u8Nhk2pump
[LiveDataSource] price lookup failed for 9q7UW2WdD2eesBrjZN9aqpNEjvGJCvaYEj5ws8Pdpump: 429 Client Error: Too Many Requests for url: https://api.jup.ag/price/v3?ids=9q7UW2WdD2eesBrjZN9aqpNEjvGJCvaYEj5ws8Pdpump
[LiveDataSource] price lookup failed for J7TNf4gvhQZdUBcvgPnB2h8JEq4NqgS1WNVqWxTepump: 429 Client Error: Too Many Requests for url: https://api.jup.ag/price/v3?ids=J7TNf4gvhQZdUBcvgPnB2h8JEq4NqgS1WNVqWxTepump
[LiveDataSource] price lookup failed for 9q7UW2WdD2eesBrjZN9aqpNEjvGJCvaYEj5ws8Pdpump: 429 Client Error: Too Many Requests for url: https://api.jup.ag/price/v3?ids=9q7UW2WdD2eesBrjZN9aqpNEjvGJCvaYEj5ws8Pdpump
[LiveDataSource] price lookup failed for GZ6D5VwVtnnyVgF8LD9FPG1w3TfihZuNrGciPuvnpump: 429 Client Error: Too Many Requests for url: https://api.jup.ag/price/v3?ids=GZ6D5VwVtnnyVgF8LD9FPG1w3TfihZuNrGciPuvnpump
[LiveDataSource] price lookup failed for ok6X4xkJwerNNcksvWFkFDYUgVqxaSwS5Mqyf5vpump: 429 Client Error: Too Many Requests for url: https://api.jup.ag/price/v3?ids=ok6X4xkJwerNNcksvWFkFDYUgVqxaSwS5Mqyf5vpump
[LiveDataSource] price lookup failed for 4SBsJgsLydoEgKHkwWaSeiKbWzFx1bUL29ruhqdEpump: 429 Client Error: Too Many Requests for url: https://api.jup.ag/price/v3?ids=4SBsJgsLydoEgKHkwWaSeiKbWzFx1bUL29ruhqdEpump
[LiveDataSource] price lookup failed for 63WkEeqi8E6va4TyvUetQ66tK3KUUkxRXAQ7fxMvpump: 429 Client Error: Too Many Requests for url: https://api.jup.ag/price/v3?ids=63WkEeqi8E6va4TyvUetQ66tK3KUUkxRXAQ7fxMvpump
[LiveDataSource] price lookup failed for 63WkEeqi8E6va4TyvUetQ66tK3KUUkxRXAQ7fxMvpump: 429 Client Error: Too Many Requests for url: https://api.jup.ag/price/v3?ids=63WkEeqi8E6va4TyvUetQ66tK3KUUkxRXAQ7fxMvpump
[LiveDataSource] price lookup failed for 4SBsJgsLydoEgKHkwWaSeiKbWzFx1bUL29ruhqdEpump: 429 Client Error: Too Many Requests for url: https://api.jup.ag/price/v3?ids=4SBsJgsLydoEgKHkwWaSeiKbWzFx1bUL29ruhqdEpump
[LiveDataSource] price lookup failed for 5WKsHiCmeBPNSbUVchHXM5CvAqFZKV2MtZ3SeU9qpump: 429 Client Error: Too Many Requests for url: https://api.jup.ag/price/v3?ids=5WKsHiCmeBPNSbUVchHXM5CvAqFZKV2MtZ3SeU9qpump
[LiveDataSource] price lookup failed for 7Cejt3yN93fhssezmgMEGmN8Z1HEsaBwNnDZS53Lpump: 429 Client Error: Too Many Requests for url: https://api.jup.ag/price/v3?ids=7Cejt3yN93fhssezmgMEGmN8Z1HEsaBwNnDZS53Lpump
[LiveDataSource] price lookup failed for 7Cejt3yN93fhssezmgMEGmN8Z1HEsaBwNnDZS53Lpump: 429 Client Error: Too Many Requests for url: https://api.jup.ag/price/v3?ids=7Cejt3yN93fhssezmgMEGmN8Z1HEsaBwNnDZS53Lpump
[LiveDataSource] price lookup failed for 9frcsi2uJtLdU1xHUK2nvdxMVatjMUHAcDP4u26hpump: 429 Client Error: Too Many Requests for url: https://api.jup.ag/price/v3?ids=9frcsi2uJtLdU1xHUK2nvdxMVatjMUHAcDP4u26hpump
[LiveDataSource] price lookup failed for 7Cejt3yN93fhssezmgMEGmN8Z1HEsaBwNnDZS53Lpump: 429 Client Error: Too Many Requests for url: https://api.jup.ag/price/v3?ids=7Cejt3yN93fhssezmgMEGmN8Z1HEsaBwNnDZS53Lpump
[LiveDataSource] price lookup failed for 9frcsi2uJtLdU1xHUK2nvdxMVatjMUHAcDP4u26hpump: 429 Client Error: Too Many Requests for url: https://api.jup.ag/price/v3?ids=9frcsi2uJtLdU1xHUK2nvdxMVatjMUHAcDP4u26hpump
[LiveDataSource] price lookup failed for Qx1KzQw4m19tcVqVeBFThqaa1JpjuJVDZKXrkmgfomo: 429 Client Error: Too Many Requests for url: https://api.jup.ag/price/v3?ids=Qx1KzQw4m19tcVqVeBFThqaa1JpjuJVDZKXrkmgfomo
[LiveDataSource] price lookup failed for 4SBsJgsLydoEgKHkwWaSeiKbWzFx1bUL29ruhqdEpump: 429 Client Error: Too Many Requests for url: https://api.jup.ag/price/v3?ids=4SBsJgsLydoEgKHkwWaSeiKbWzFx1bUL29ruhqdEpump
[LiveDataSource] price lookup failed for DcqVSAikdetTBChi6RHa8X9s8hTzgCkxeEt6Rt3jS8Fh: 429 Client Error: Too Many Requests for url: https://api.jup.ag/price/v3?ids=DcqVSAikdetTBChi6RHa8X9s8hTzgCkxeEt6Rt3jS8Fh
[LiveDataSource] price lookup failed for DcqVSAikdetTBChi6RHa8X9s8hTzgCkxeEt6Rt3jS8Fh: 429 Client Error: Too Many Requests for url: https://api.jup.ag/price/v3?ids=DcqVSAikdetTBChi6RHa8X9s8hTzgCkxeEt6Rt3jS8Fh
[LiveDataSource] price lookup failed for DwMNFiG8CCyEH2eAYf8e6wscvCkP2q3cjXPinC32pump: 429 Client Error: Too Many Requests for url: https://api.jup.ag/price/v3?ids=DwMNFiG8CCyEH2eAYf8e6wscvCkP2q3cjXPinC32pump
[LiveDataSource] price lookup failed for DwMNFiG8CCyEH2eAYf8e6wscvCkP2q3cjXPinC32pump: 429 Client Error: Too Many Requests for url: https://api.jup.ag/price/v3?ids=DwMNFiG8CCyEH2eAYf8e6wscvCkP2q3cjXPinC32pump
[LiveDataSource] price lookup failed for 5pis5FfNPnJJDgCDeq3QRWj2B5Lp51p2PjTYTtNpump: 429 Client Error: Too Many Requests for url: https://api.jup.ag/price/v3?ids=5pis5FfNPnJJDgCDeq3QRWj2B5Lp51p2PjTYTtNpump
[LiveDataSource] price lookup failed for 3cDKfJWjE9yADfuK5zwCE3DsATGUhgVB1nEGK2Z2pump: 429 Client Error: Too Many Requests for url: https://api.jup.ag/price/v3?ids=3cDKfJWjE9yADfuK5zwCE3DsATGUhgVB1nEGK2Z2pump
[LiveDataSource] price lookup failed for 9AKNTscq9c4tzeJMarEPHnKQuwqqhL1dmCbXkNd9k2f7: 429 Client Error: Too Many Requests for url: https://api.jup.ag/price/v3?ids=9AKNTscq9c4tzeJMarEPHnKQuwqqhL1dmCbXkNd9k2f7
[LiveDataSource] price lookup failed for 2sw8vb5zHCt87TwXkmvk28ZBdNM2h2F8nxFQeKkMpump: 429 Client Error: Too Many Requests for url: https://api.jup.ag/price/v3?ids=2sw8vb5zHCt87TwXkmvk28ZBdNM2h2F8nxFQeKkMpump
[LiveDataSource] price lookup failed for AbuJJzBeVmE4YKNeihZZyMjr6jaTYzaTkXL9gSDdpump: 429 Client Error: Too Many Requests for url: https://api.jup.ag/price/v3?ids=AbuJJzBeVmE4YKNeihZZyMjr6jaTYzaTkXL9gSDdpump
[LiveDataSource] price lookup failed for ChZVhfo1hDmwxmXvLr995HPB5pJ7hUXKzk6LEJV1pump: 429 Client Error: Too Many Requests for url: https://api.jup.ag/price/v3?ids=ChZVhfo1hDmwxmXvLr995HPB5pJ7hUXKzk6LEJV1pump
[LiveDataSource] price lookup failed for saojTWSV5pVDxwTMvLWzRRrEMCPK6sth1D39kDvpump: 429 Client Error: Too Many Requests for url: https://api.jup.ag/price/v3?ids=saojTWSV5pVDxwTMvLWzRRrEMCPK6sth1D39kDvpump
[LiveDataSource] token info lookup failed for 3NsabB95V1DoLcAjpgiCSXr5MagkC6Us7K6g4vRFpump: 429 Client Error: Too Many Requests for url: https://api.jup.ag/tokens/v2/search?query=3NsabB95V1DoLcAjpgiCSXr5MagkC6Us7K6g4vRFpump
[LiveDataSource] price lookup failed for 4GBeEXYX7Ss5CQFycRKszzGTAtHGHwx8665BsFnSpump: 429 Client Error: Too Many Requests for url: https://api.jup.ag/price/v3?ids=4GBeEXYX7Ss5CQFycRKszzGTAtHGHwx8665BsFnSpump
[LiveDataSource] price lookup failed for saojTWSV5pVDxwTMvLWzRRrEMCPK6sth1D39kDvpump: 429 Client Error: Too Many Requests for url: https://api.jup.ag/price/v3?ids=saojTWSV5pVDxwTMvLWzRRrEMCPK6sth1D39kDvpump
[LiveDataSource] price lookup failed for AjnrXtcZpfXtJGTo5u6bmgsKc9MMnBYJ3XGJhyaopump: 429 Client Error: Too Many Requests for url: https://api.jup.ag/price/v3?ids=AjnrXtcZpfXtJGTo5u6bmgsKc9MMnBYJ3XGJhyaopump
[LiveDataSource] price lookup failed for pD28VHG3vGzT4PWFjyd7HRHRpYaGCYD5B565Bv1pump: 429 Client Error: Too Many Requests for url: https://api.jup.ag/price/v3?ids=pD28VHG3vGzT4PWFjyd7HRHRpYaGCYD5B565Bv1pump
[LiveDataSource] price lookup failed for AjnrXtcZpfXtJGTo5u6bmgsKc9MMnBYJ3XGJhyaopump: 429 Client Error: Too Many Requests for url: https://api.jup.ag/price/v3?ids=AjnrXtcZpfXtJGTo5u6bmgsKc9MMnBYJ3XGJhyaopump
[LiveDataSource] websocket error: Connection to remote host was lost.
[LiveDataSource] reconnecting in 5s...
[LiveDataSource] subscribed to pump.fun migration events
[LiveDataSource] price lookup failed for EPjFWdd5AufqSSqeM2qN1xzybapC8G4wEGGkZwyTDt1v: 429 Client Error: Too Many Requests for url: https://api.jup.ag/price/v3?ids=EPjFWdd5AufqSSqeM2qN1xzybapC8G4wEGGkZwyTDt1v
[LiveDataSource] price lookup failed for EPjFWdd5AufqSSqeM2qN1xzybapC8G4wEGGkZwyTDt1v: 429 Client Error: Too Many Requests for url: https://api.jup.ag/price/v3?ids=EPjFWdd5AufqSSqeM2qN1xzybapC8G4wEGGkZwyTDt1v
[LiveDataSource] price lookup failed for EPjFWdd5AufqSSqeM2qN1xzybapC8G4wEGGkZwyTDt1v: 429 Client Error: Too Many Requests for url: https://api.jup.ag/price/v3?ids=EPjFWdd5AufqSSqeM2qN1xzybapC8G4wEGGkZwyTDt1v
[LiveDataSource] price lookup failed for Fr5RhvWyWHBqkKzkzW1HxYECaXegLj5DZvcm4SnGpump: 429 Client Error: Too Many Requests for url: https://api.jup.ag/price/v3?ids=Fr5RhvWyWHBqkKzkzW1HxYECaXegLj5DZvcm4SnGpump
[LiveDataSource] price lookup failed for Fr5RhvWyWHBqkKzkzW1HxYECaXegLj5DZvcm4SnGpump: 429 Client Error: Too Many Requests for url: https://api.jup.ag/price/v3?ids=Fr5RhvWyWHBqkKzkzW1HxYECaXegLj5DZvcm4SnGpump
[LiveDataSource] price lookup failed for Fr5RhvWyWHBqkKzkzW1HxYECaXegLj5DZvcm4SnGpump: 429 Client Error: Too Many Requests for url: https://api.jup.ag/price/v3?ids=Fr5RhvWyWHBqkKzkzW1HxYECaXegLj5DZvcm4SnGpump
[LiveDataSource] price lookup failed for EPjFWdd5AufqSSqeM2qN1xzybapC8G4wEGGkZwyTDt1v: 429 Client Error: Too Many Requests for url: https://api.jup.ag/price/v3?ids=EPjFWdd5AufqSSqeM2qN1xzybapC8G4wEGGkZwyTDt1v
[LiveDataSource] price lookup failed for 77us4TWvjAWM79yvAm4ZuwF5DcaMuEvq9HehmKEVpump: 429 Client Error: Too Many Requests for url: https://api.jup.ag/price/v3?ids=77us4TWvjAWM79yvAm4ZuwF5DcaMuEvq9HehmKEVpump
[LiveDataSource] price lookup failed for 77us4TWvjAWM79yvAm4ZuwF5DcaMuEvq9HehmKEVpump: 429 Client Error: Too Many Requests for url: https://api.jup.ag/price/v3?ids=77us4TWvjAWM79yvAm4ZuwF5DcaMuEvq9HehmKEVpump
[LiveDataSource] price lookup failed for EPjFWdd5AufqSSqeM2qN1xzybapC8G4wEGGkZwyTDt1v: 403 Client Error: Forbidden for url: https://api.jup.ag/price/v3?ids=EPjFWdd5AufqSSqeM2qN1xzybapC8G4wEGGkZwyTDt1v
[LiveDataSource] price lookup failed for CU8n2F4Wzm14kZbKS3zSGc1sQ6xziCLuZJoUAAVnpump: 429 Client Error: Too Many Requests for url: https://api.jup.ag/price/v3?ids=CU8n2F4Wzm14kZbKS3zSGc1sQ6xziCLuZJoUAAVnpump
[LiveDataSource] price lookup failed for D9VA1pyvYERypeBAoKbcw2BcHMR9YvPLzzEABCFspump: 429 Client Error: Too Many Requests for url: https://api.jup.ag/price/v3?ids=D9VA1pyvYERypeBAoKbcw2BcHMR9YvPLzzEABCFspump
[LiveDataSource] price lookup failed for EPjFWdd5AufqSSqeM2qN1xzybapC8G4wEGGkZwyTDt1v: 429 Client Error: Too Many Requests for url: https://api.jup.ag/price/v3?ids=EPjFWdd5AufqSSqeM2qN1xzybapC8G4wEGGkZwyTDt1v
[LiveDataSource] price lookup failed for ZV3dj6qFNinpNVCsuk5a9jcMMxPabHnwgL15MUdpump: 429 Client Error: Too Many Requests for url: https://api.jup.ag/price/v3?ids=ZV3dj6qFNinpNVCsuk5a9jcMMxPabHnwgL15MUdpump
[LiveDataSource] price lookup failed for D9VA1pyvYERypeBAoKbcw2BcHMR9YvPLzzEABCFspump: 429 Client Error: Too Many Requests for url: https://api.jup.ag/price/v3?ids=D9VA1pyvYERypeBAoKbcw2BcHMR9YvPLzzEABCFspump
[LiveDataSource] price lookup failed for EPjFWdd5AufqSSqeM2qN1xzybapC8G4wEGGkZwyTDt1v: 429 Client Error: Too Many Requests for url: https://api.jup.ag/price/v3?ids=EPjFWdd5AufqSSqeM2qN1xzybapC8G4wEGGkZwyTDt1v
[LiveDataSource] price lookup failed for rJbd4f9sNCHttvAC75Rh9shABJa1acPfDcQPQbqpump: 429 Client Error: Too Many Requests for url: https://api.jup.ag/price/v3?ids=rJbd4f9sNCHttvAC75Rh9shABJa1acPfDcQPQbqpump
[LiveDataSource] price lookup failed for 9r8faqkRy6FdmwciZEg1nVSEeTECYcYAEPhjRMyApump: 429 Client Error: Too Many Requests for url: https://api.jup.ag/price/v3?ids=9r8faqkRy6FdmwciZEg1nVSEeTECYcYAEPhjRMyApump
[LiveDataSource] price lookup failed for rJbd4f9sNCHttvAC75Rh9shABJa1acPfDcQPQbqpump: 429 Client Error: Too Many Requests for url: https://api.jup.ag/price/v3?ids=rJbd4f9sNCHttvAC75Rh9shABJa1acPfDcQPQbqpump
[LiveDataSource] price lookup failed for 9r8faqkRy6FdmwciZEg1nVSEeTECYcYAEPhjRMyApump: 429 Client Error: Too Many Requests for url: https://api.jup.ag/price/v3?ids=9r8faqkRy6FdmwciZEg1nVSEeTECYcYAEPhjRMyApump
[LiveDataSource] price lookup failed for 9r8faqkRy6FdmwciZEg1nVSEeTECYcYAEPhjRMyApump: 429 Client Error: Too Many Requests for url: https://api.jup.ag/price/v3?ids=9r8faqkRy6FdmwciZEg1nVSEeTECYcYAEPhjRMyApump
[LiveDataSource] price lookup failed for rJbd4f9sNCHttvAC75Rh9shABJa1acPfDcQPQbqpump: 429 Client Error: Too Many Requests for url: https://api.jup.ag/price/v3?ids=rJbd4f9sNCHttvAC75Rh9shABJa1acPfDcQPQbqpump
[LiveDataSource] price lookup failed for 9r8faqkRy6FdmwciZEg1nVSEeTECYcYAEPhjRMyApump: 429 Client Error: Too Many Requests for url: https://api.jup.ag/price/v3?ids=9r8faqkRy6FdmwciZEg1nVSEeTECYcYAEPhjRMyApump
[LiveDataSource] price lookup failed for rJbd4f9sNCHttvAC75Rh9shABJa1acPfDcQPQbqpump: 429 Client Error: Too Many Requests for url: https://api.jup.ag/price/v3?ids=rJbd4f9sNCHttvAC75Rh9shABJa1acPfDcQPQbqpump
[LiveDataSource] price lookup failed for 9r8faqkRy6FdmwciZEg1nVSEeTECYcYAEPhjRMyApump: 429 Client Error: Too Many Requests for url: https://api.jup.ag/price/v3?ids=9r8faqkRy6FdmwciZEg1nVSEeTECYcYAEPhjRMyApump
[LiveDataSource] price lookup failed for rJbd4f9sNCHttvAC75Rh9shABJa1acPfDcQPQbqpump: 429 Client Error: Too Many Requests for url: https://api.jup.ag/price/v3?ids=rJbd4f9sNCHttvAC75Rh9shABJa1acPfDcQPQbqpump
[LiveDataSource] price lookup failed for 9r8faqkRy6FdmwciZEg1nVSEeTECYcYAEPhjRMyApump: 429 Client Error: Too Many Requests for url: https://api.jup.ag/price/v3?ids=9r8faqkRy6FdmwciZEg1nVSEeTECYcYAEPhjRMyApump
[LiveDataSource] price lookup failed for rJbd4f9sNCHttvAC75Rh9shABJa1acPfDcQPQbqpump: 429 Client Error: Too Many Requests for url: https://api.jup.ag/price/v3?ids=rJbd4f9sNCHttvAC75Rh9shABJa1acPfDcQPQbqpump
[LiveDataSource] price lookup failed for 9r8faqkRy6FdmwciZEg1nVSEeTECYcYAEPhjRMyApump: 429 Client Error: Too Many Requests for url: https://api.jup.ag/price/v3?ids=9r8faqkRy6FdmwciZEg1nVSEeTECYcYAEPhjRMyApump
[LiveDataSource] price lookup failed for 9r8faqkRy6FdmwciZEg1nVSEeTECYcYAEPhjRMyApump: 429 Client Error: Too Many Requests for url: https://api.jup.ag/price/v3?ids=9r8faqkRy6FdmwciZEg1nVSEeTECYcYAEPhjRMyApump
[LiveDataSource] price lookup failed for rJbd4f9sNCHttvAC75Rh9shABJa1acPfDcQPQbqpump: 429 Client Error: Too Many Requests for url: https://api.jup.ag/price/v3?ids=rJbd4f9sNCHttvAC75Rh9shABJa1acPfDcQPQbqpump
[LiveDataSource] price lookup failed for 9r8faqkRy6FdmwciZEg1nVSEeTECYcYAEPhjRMyApump: 429 Client Error: Too Many Requests for url: https://api.jup.ag/price/v3?ids=9r8faqkRy6FdmwciZEg1nVSEeTECYcYAEPhjRMyApump
[LiveDataSource] price lookup failed for rJbd4f9sNCHttvAC75Rh9shABJa1acPfDcQPQbqpump: 429 Client Error: Too Many Requests for url: https://api.jup.ag/price/v3?ids=rJbd4f9sNCHttvAC75Rh9shABJa1acPfDcQPQbqpump
[LiveDataSource] price lookup failed for 9r8faqkRy6FdmwciZEg1nVSEeTECYcYAEPhjRMyApump: 429 Client Error: Too Many Requests for url: https://api.jup.ag/price/v3?ids=9r8faqkRy6FdmwciZEg1nVSEeTECYcYAEPhjRMyApump
[LiveDataSource] price lookup failed for rJbd4f9sNCHttvAC75Rh9shABJa1acPfDcQPQbqpump: 429 Client Error: Too Many Requests for url: https://api.jup.ag/price/v3?ids=rJbd4f9sNCHttvAC75Rh9shABJa1acPfDcQPQbqpump
[LiveDataSource] price lookup failed for 9r8faqkRy6FdmwciZEg1nVSEeTECYcYAEPhjRMyApump: 429 Client Error: Too Many Requests for url: https://api.jup.ag/price/v3?ids=9r8faqkRy6FdmwciZEg1nVSEeTECYcYAEPhjRMyApump
[LiveDataSource] price lookup failed for rJbd4f9sNCHttvAC75Rh9shABJa1acPfDcQPQbqpump: 429 Client Error: Too Many Requests for url: https://api.jup.ag/price/v3?ids=rJbd4f9sNCHttvAC75Rh9shABJa1acPfDcQPQbqpump
[LiveDataSource] price lookup failed for rJbd4f9sNCHttvAC75Rh9shABJa1acPfDcQPQbqpump: 429 Client Error: Too Many Requests for url: https://api.jup.ag/price/v3?ids=rJbd4f9sNCHttvAC75Rh9shABJa1acPfDcQPQbqpump
[LiveDataSource] price lookup failed for 9r8faqkRy6FdmwciZEg1nVSEeTECYcYAEPhjRMyApump: 429 Client Error: Too Many Requests for url: https://api.jup.ag/price/v3?ids=9r8faqkRy6FdmwciZEg1nVSEeTECYcYAEPhjRMyApump
[LiveDataSource] price lookup failed for rJbd4f9sNCHttvAC75Rh9shABJa1acPfDcQPQbqpump: 429 Client Error: Too Many Requests for url: https://api.jup.ag/price/v3?ids=rJbd4f9sNCHttvAC75Rh9shABJa1acPfDcQPQbqpump
[LiveDataSource] price lookup failed for 9r8faqkRy6FdmwciZEg1nVSEeTECYcYAEPhjRMyApump: 429 Client Error: Too Many Requests for url: https://api.jup.ag/price/v3?ids=9r8faqkRy6FdmwciZEg1nVSEeTECYcYAEPhjRMyApump
[LiveDataSource] price lookup failed for 9r8faqkRy6FdmwciZEg1nVSEeTECYcYAEPhjRMyApump: 429 Client Error: Too Many Requests for url: https://api.jup.ag/price/v3?ids=9r8faqkRy6FdmwciZEg1nVSEeTECYcYAEPhjRMyApump
[LiveDataSource] price lookup failed for rJbd4f9sNCHttvAC75Rh9shABJa1acPfDcQPQbqpump: 429 Client Error: Too Many Requests for url: https://api.jup.ag/price/v3?ids=rJbd4f9sNCHttvAC75Rh9shABJa1acPfDcQPQbqpump
[LiveDataSource] price lookup failed for 9r8faqkRy6FdmwciZEg1nVSEeTECYcYAEPhjRMyApump: 429 Client Error: Too Many Requests for url: https://api.jup.ag/price/v3?ids=9r8faqkRy6FdmwciZEg1nVSEeTECYcYAEPhjRMyApump
[LiveDataSource] price lookup failed for rJbd4f9sNCHttvAC75Rh9shABJa1acPfDcQPQbqpump: 429 Client Error: Too Many Requests for url: https://api.jup.ag/price/v3?ids=rJbd4f9sNCHttvAC75Rh9shABJa1acPfDcQPQbqpump
[LiveDataSource] price lookup failed for 9r8faqkRy6FdmwciZEg1nVSEeTECYcYAEPhjRMyApump: 429 Client Error: Too Many Requests for url: https://api.jup.ag/price/v3?ids=9r8faqkRy6FdmwciZEg1nVSEeTECYcYAEPhjRMyApump
[LiveDataSource] price lookup failed for 9r8faqkRy6FdmwciZEg1nVSEeTECYcYAEPhjRMyApump: 429 Client Error: Too Many Requests for url: https://api.jup.ag/price/v3?ids=9r8faqkRy6FdmwciZEg1nVSEeTECYcYAEPhjRMyApump
[LiveDataSource] price lookup failed for rJbd4f9sNCHttvAC75Rh9shABJa1acPfDcQPQbqpump: 429 Client Error: Too Many Requests for url: https://api.jup.ag/price/v3?ids=rJbd4f9sNCHttvAC75Rh9shABJa1acPfDcQPQbqpump
[LiveDataSource] price lookup failed for rJbd4f9sNCHttvAC75Rh9shABJa1acPfDcQPQbqpump: 429 Client Error: Too Many Requests for url: https://api.jup.ag/price/v3?ids=rJbd4f9sNCHttvAC75Rh9shABJa1acPfDcQPQbqpump
[LiveDataSource] price lookup failed for rJbd4f9sNCHttvAC75Rh9shABJa1acPfDcQPQbqpump: 429 Client Error: Too Many Requests for url: https://api.jup.ag/price/v3?ids=rJbd4f9sNCHttvAC75Rh9shABJa1acPfDcQPQbqpump
[LiveDataSource] price lookup failed for 9r8faqkRy6FdmwciZEg1nVSEeTECYcYAEPhjRMyApump: 429 Client Error: Too Many Requests for url: https://api.jup.ag/price/v3?ids=9r8faqkRy6FdmwciZEg1nVSEeTECYcYAEPhjRMyApump
[LiveDataSource] price lookup failed for rJbd4f9sNCHttvAC75Rh9shABJa1acPfDcQPQbqpump: 429 Client Error: Too Many Requests for url: https://api.jup.ag/price/v3?ids=rJbd4f9sNCHttvAC75Rh9shABJa1acPfDcQPQbqpump
[LiveDataSource] price lookup failed for 9r8faqkRy6FdmwciZEg1nVSEeTECYcYAEPhjRMyApump: 429 Client Error: Too Many Requests for url: https://api.jup.ag/price/v3?ids=9r8faqkRy6FdmwciZEg1nVSEeTECYcYAEPhjRMyApump
[LiveDataSource] price lookup failed for rJbd4f9sNCHttvAC75Rh9shABJa1acPfDcQPQbqpump: 429 Client Error: Too Many Requests for url: https://api.jup.ag/price/v3?ids=rJbd4f9sNCHttvAC75Rh9shABJa1acPfDcQPQbqpump
[LiveDataSource] price lookup failed for rJbd4f9sNCHttvAC75Rh9shABJa1acPfDcQPQbqpump: 429 Client Error: Too Many Requests for url: https://api.jup.ag/price/v3?ids=rJbd4f9sNCHttvAC75Rh9shABJa1acPfDcQPQbqpump
[LiveDataSource] price lookup failed for 9r8faqkRy6FdmwciZEg1nVSEeTECYcYAEPhjRMyApump: 429 Client Error: Too Many Requests for url: https://api.jup.ag/price/v3?ids=9r8faqkRy6FdmwciZEg1nVSEeTECYcYAEPhjRMyApump
[LiveDataSource] price lookup failed for rJbd4f9sNCHttvAC75Rh9shABJa1acPfDcQPQbqpump: 429 Client Error: Too Many Requests for url: https://api.jup.ag/price/v3?ids=rJbd4f9sNCHttvAC75Rh9shABJa1acPfDcQPQbqpump
[LiveDataSource] price lookup failed for 9r8faqkRy6FdmwciZEg1nVSEeTECYcYAEPhjRMyApump: 429 Client Error: Too Many Requests for url: https://api.jup.ag/price/v3?ids=9r8faqkRy6FdmwciZEg1nVSEeTECYcYAEPhjRMyApump
[LiveDataSource] price lookup failed for rJbd4f9sNCHttvAC75Rh9shABJa1acPfDcQPQbqpump: 429 Client Error: Too Many Requests for url: https://api.jup.ag/price/v3?ids=rJbd4f9sNCHttvAC75Rh9shABJa1acPfDcQPQbqpump
[LiveDataSource] price lookup failed for rJbd4f9sNCHttvAC75Rh9shABJa1acPfDcQPQbqpump: 429 Client Error: Too Many Requests for url: https://api.jup.ag/price/v3?ids=rJbd4f9sNCHttvAC75Rh9shABJa1acPfDcQPQbqpump
[LiveDataSource] price lookup failed for 9r8faqkRy6FdmwciZEg1nVSEeTECYcYAEPhjRMyApump: 429 Client Error: Too Many Requests for url: https://api.jup.ag/price/v3?ids=9r8faqkRy6FdmwciZEg1nVSEeTECYcYAEPhjRMyApump
[LiveDataSource] price lookup failed for 9r8faqkRy6FdmwciZEg1nVSEeTECYcYAEPhjRMyApump: 429 Client Error: Too Many Requests for url: https://api.jup.ag/price/v3?ids=9r8faqkRy6FdmwciZEg1nVSEeTECYcYAEPhjRMyApump
[LiveDataSource] price lookup failed for rJbd4f9sNCHttvAC75Rh9shABJa1acPfDcQPQbqpump: 429 Client Error: Too Many Requests for url: https://api.jup.ag/price/v3?ids=rJbd4f9sNCHttvAC75Rh9shABJa1acPfDcQPQbqpump
[LiveDataSource] price lookup failed for 9r8faqkRy6FdmwciZEg1nVSEeTECYcYAEPhjRMyApump: 429 Client Error: Too Many Requests for url: https://api.jup.ag/price/v3?ids=9r8faqkRy6FdmwciZEg1nVSEeTECYcYAEPhjRMyApump
[LiveDataSource] price lookup failed for 9r8faqkRy6FdmwciZEg1nVSEeTECYcYAEPhjRMyApump: 429 Client Error: Too Many Requests for url: https://api.jup.ag/price/v3?ids=9r8faqkRy6FdmwciZEg1nVSEeTECYcYAEPhjRMyApump
[LiveDataSource] price lookup failed for 9r8faqkRy6FdmwciZEg1nVSEeTECYcYAEPhjRMyApump: 429 Client Error: Too Many Requests for url: https://api.jup.ag/price/v3?ids=9r8faqkRy6FdmwciZEg1nVSEeTECYcYAEPhjRMyApump
[LiveDataSource] price lookup failed for rJbd4f9sNCHttvAC75Rh9shABJa1acPfDcQPQbqpump: 429 Client Error: Too Many Requests for url: https://api.jup.ag/price/v3?ids=rJbd4f9sNCHttvAC75Rh9shABJa1acPfDcQPQbqpump
[LiveDataSource] price lookup failed for 9r8faqkRy6FdmwciZEg1nVSEeTECYcYAEPhjRMyApump: 429 Client Error: Too Many Requests for url: https://api.jup.ag/price/v3?ids=9r8faqkRy6FdmwciZEg1nVSEeTECYcYAEPhjRMyApump
[LiveDataSource] price lookup failed for 9r8faqkRy6FdmwciZEg1nVSEeTECYcYAEPhjRMyApump: 429 Client Error: Too Many Requests for url: https://api.jup.ag/price/v3?ids=9r8faqkRy6FdmwciZEg1nVSEeTECYcYAEPhjRMyApump
[LiveDataSource] price lookup failed for 9r8faqkRy6FdmwciZEg1nVSEeTECYcYAEPhjRMyApump: 429 Client Error: Too Many Requests for url: https://api.jup.ag/price/v3?ids=9r8faqkRy6FdmwciZEg1nVSEeTECYcYAEPhjRMyApump
[LiveDataSource] price lookup failed for 9r8faqkRy6FdmwciZEg1nVSEeTECYcYAEPhjRMyApump: 429 Client Error: Too Many Requests for url: https://api.jup.ag/price/v3?ids=9r8faqkRy6FdmwciZEg1nVSEeTECYcYAEPhjRMyApump
[LiveDataSource] price lookup failed for EPjFWdd5AufqSSqeM2qN1xzybapC8G4wEGGkZwyTDt1v: 429 Client Error: Too Many Requests for url: https://api.jup.ag/price/v3?ids=EPjFWdd5AufqSSqeM2qN1xzybapC8G4wEGGkZwyTDt1v
[LiveDataSource] price lookup failed for rJbd4f9sNCHttvAC75Rh9shABJa1acPfDcQPQbqpump: 429 Client Error: Too Many Requests for url: https://api.jup.ag/price/v3?ids=rJbd4f9sNCHttvAC75Rh9shABJa1acPfDcQPQbqpump
[LiveDataSource] price lookup failed for 9r8faqkRy6FdmwciZEg1nVSEeTECYcYAEPhjRMyApump: 429 Client Error: Too Many Requests for url: https://api.jup.ag/price/v3?ids=9r8faqkRy6FdmwciZEg1nVSEeTECYcYAEPhjRMyApump
[LiveDataSource] price lookup failed for rJbd4f9sNCHttvAC75Rh9shABJa1acPfDcQPQbqpump: 429 Client Error: Too Many Requests for url: https://api.jup.ag/price/v3?ids=rJbd4f9sNCHttvAC75Rh9shABJa1acPfDcQPQbqpump
[LiveDataSource] price lookup failed for 9r8faqkRy6FdmwciZEg1nVSEeTECYcYAEPhjRMyApump: 429 Client Error: Too Many Requests for url: https://api.jup.ag/price/v3?ids=9r8faqkRy6FdmwciZEg1nVSEeTECYcYAEPhjRMyApump
[LiveDataSource] price lookup failed for 9r8faqkRy6FdmwciZEg1nVSEeTECYcYAEPhjRMyApump: 429 Client Error: Too Many Requests for url: https://api.jup.ag/price/v3?ids=9r8faqkRy6FdmwciZEg1nVSEeTECYcYAEPhjRMyApump
[LiveDataSource] price lookup failed for HptBDqPw6fivVT6m912v5ZL9mXs8an4QzN7E39fkpump: 429 Client Error: Too Many Requests for url: https://api.jup.ag/price/v3?ids=HptBDqPw6fivVT6m912v5ZL9mXs8an4QzN7E39fkpump
[LiveDataSource] price lookup failed for HptBDqPw6fivVT6m912v5ZL9mXs8an4QzN7E39fkpump: 429 Client Error: Too Many Requests for url: https://api.jup.ag/price/v3?ids=HptBDqPw6fivVT6m912v5ZL9mXs8an4QzN7E39fkpump
[LiveDataSource] price lookup failed for 9r8faqkRy6FdmwciZEg1nVSEeTECYcYAEPhjRMyApump: 429 Client Error: Too Many Requests for url: https://api.jup.ag/price/v3?ids=9r8faqkRy6FdmwciZEg1nVSEeTECYcYAEPhjRMyApump
[LiveDataSource] price lookup failed for 6PRYHgfxHpk2GDj8bS6qsZ398L3UpXRTjHTtWZ4jpump: 429 Client Error: Too Many Requests for url: https://api.jup.ag/price/v3?ids=6PRYHgfxHpk2GDj8bS6qsZ398L3UpXRTjHTtWZ4jpump
[LiveDataSource] price lookup failed for 9r8faqkRy6FdmwciZEg1nVSEeTECYcYAEPhjRMyApump: 429 Client Error: Too Many Requests for url: https://api.jup.ag/price/v3?ids=9r8faqkRy6FdmwciZEg1nVSEeTECYcYAEPhjRMyApump
[LiveDataSource] price lookup failed for 6PRYHgfxHpk2GDj8bS6qsZ398L3UpXRTjHTtWZ4jpump: 429 Client Error: Too Many Requests for url: https://api.jup.ag/price/v3?ids=6PRYHgfxHpk2GDj8bS6qsZ398L3UpXRTjHTtWZ4jpump
[LiveDataSource] price lookup failed for 9r8faqkRy6FdmwciZEg1nVSEeTECYcYAEPhjRMyApump: 429 Client Error: Too Many Requests for url: https://api.jup.ag/price/v3?ids=9r8faqkRy6FdmwciZEg1nVSEeTECYcYAEPhjRMyApump
[LiveDataSource] price lookup failed for 6PRYHgfxHpk2GDj8bS6qsZ398L3UpXRTjHTtWZ4jpump: 429 Client Error: Too Many Requests for url: https://api.jup.ag/price/v3?ids=6PRYHgfxHpk2GDj8bS6qsZ398L3UpXRTjHTtWZ4jpump
[LiveDataSource] price lookup failed for rJbd4f9sNCHttvAC75Rh9shABJa1acPfDcQPQbqpump: 429 Client Error: Too Many Requests for url: https://api.jup.ag/price/v3?ids=rJbd4f9sNCHttvAC75Rh9shABJa1acPfDcQPQbqpump
[LiveDataSource] price lookup failed for 6PRYHgfxHpk2GDj8bS6qsZ398L3UpXRTjHTtWZ4jpump: 429 Client Error: Too Many Requests for url: https://api.jup.ag/price/v3?ids=6PRYHgfxHpk2GDj8bS6qsZ398L3UpXRTjHTtWZ4jpump
[LiveDataSource] price lookup failed for 9r8faqkRy6FdmwciZEg1nVSEeTECYcYAEPhjRMyApump: 429 Client Error: Too Many Requests for url: https://api.jup.ag/price/v3?ids=9r8faqkRy6FdmwciZEg1nVSEeTECYcYAEPhjRMyApump
[LiveDataSource] price lookup failed for 6PRYHgfxHpk2GDj8bS6qsZ398L3UpXRTjHTtWZ4jpump: 429 Client Error: Too Many Requests for url: https://api.jup.ag/price/v3?ids=6PRYHgfxHpk2GDj8bS6qsZ398L3UpXRTjHTtWZ4jpump
[LiveDataSource] price lookup failed for 5TUuVqGG6Ak6s4P1uocEVSDhe5ajrfLSdZy9fzKgpump: 429 Client Error: Too Many Requests for url: https://api.jup.ag/price/v3?ids=5TUuVqGG6Ak6s4P1uocEVSDhe5ajrfLSdZy9fzKgpump
[LiveDataSource] price lookup failed for 9r8faqkRy6FdmwciZEg1nVSEeTECYcYAEPhjRMyApump: 429 Client Error: Too Many Requests for url: https://api.jup.ag/price/v3?ids=9r8faqkRy6FdmwciZEg1nVSEeTECYcYAEPhjRMyApump
[LiveDataSource] price lookup failed for 9r8faqkRy6FdmwciZEg1nVSEeTECYcYAEPhjRMyApump: 429 Client Error: Too Many Requests for url: https://api.jup.ag/price/v3?ids=9r8faqkRy6FdmwciZEg1nVSEeTECYcYAEPhjRMyApump
[LiveDataSource] price lookup failed for 5TUuVqGG6Ak6s4P1uocEVSDhe5ajrfLSdZy9fzKgpump: 429 Client Error: Too Many Requests for url: https://api.jup.ag/price/v3?ids=5TUuVqGG6Ak6s4P1uocEVSDhe5ajrfLSdZy9fzKgpump
[LiveDataSource] price lookup failed for 9r8faqkRy6FdmwciZEg1nVSEeTECYcYAEPhjRMyApump: 429 Client Error: Too Many Requests for url: https://api.jup.ag/price/v3?ids=9r8faqkRy6FdmwciZEg1nVSEeTECYcYAEPhjRMyApump
[LiveDataSource] price lookup failed for 5TUuVqGG6Ak6s4P1uocEVSDhe5ajrfLSdZy9fzKgpump: 429 Client Error: Too Many Requests for url: https://api.jup.ag/price/v3?ids=5TUuVqGG6Ak6s4P1uocEVSDhe5ajrfLSdZy9fzKgpump
[LiveDataSource] price lookup failed for HYtCxnrWgWEnicftemCX7gSwwrT8mfg5RpCkfv2Fpump: 429 Client Error: Too Many Requests for url: https://api.jup.ag/price/v3?ids=HYtCxnrWgWEnicftemCX7gSwwrT8mfg5RpCkfv2Fpump
[LiveDataSource] price lookup failed for rJbd4f9sNCHttvAC75Rh9shABJa1acPfDcQPQbqpump: 429 Client Error: Too Many Requests for url: https://api.jup.ag/price/v3?ids=rJbd4f9sNCHttvAC75Rh9shABJa1acPfDcQPQbqpump
[LiveDataSource] price lookup failed for 9r8faqkRy6FdmwciZEg1nVSEeTECYcYAEPhjRMyApump: 429 Client Error: Too Many Requests for url: https://api.jup.ag/price/v3?ids=9r8faqkRy6FdmwciZEg1nVSEeTECYcYAEPhjRMyApump
[LiveDataSource] price lookup failed for 9r8faqkRy6FdmwciZEg1nVSEeTECYcYAEPhjRMyApump: 429 Client Error: Too Many Requests for url: https://api.jup.ag/price/v3?ids=9r8faqkRy6FdmwciZEg1nVSEeTECYcYAEPhjRMyApump
[LiveDataSource] price lookup failed for Dkxocdz5i4bsbswyEJ6dNQSWVzhUaVkC44ms56vLpump: 429 Client Error: Too Many Requests for url: https://api.jup.ag/price/v3?ids=Dkxocdz5i4bsbswyEJ6dNQSWVzhUaVkC44ms56vLpump
[LiveDataSource] price lookup failed for 9r8faqkRy6FdmwciZEg1nVSEeTECYcYAEPhjRMyApump: 429 Client Error: Too Many Requests for url: https://api.jup.ag/price/v3?ids=9r8faqkRy6FdmwciZEg1nVSEeTECYcYAEPhjRMyApump
[LiveDataSource] price lookup failed for Dkxocdz5i4bsbswyEJ6dNQSWVzhUaVkC44ms56vLpump: 429 Client Error: Too Many Requests for url: https://api.jup.ag/price/v3?ids=Dkxocdz5i4bsbswyEJ6dNQSWVzhUaVkC44ms56vLpump
[LiveDataSource] price lookup failed for 9r8faqkRy6FdmwciZEg1nVSEeTECYcYAEPhjRMyApump: 429 Client Error: Too Many Requests for url: https://api.jup.ag/price/v3?ids=9r8faqkRy6FdmwciZEg1nVSEeTECYcYAEPhjRMyApump
[LiveDataSource] price lookup failed for 9pnHU5GizjmZpckV82GeMYCtEvwwWgkhL2XTEVRypump: 429 Client Error: Too Many Requests for url: https://api.jup.ag/price/v3?ids=9pnHU5GizjmZpckV82GeMYCtEvwwWgkhL2XTEVRypump
[LiveDataSource] price lookup failed for 9pnHU5GizjmZpckV82GeMYCtEvwwWgkhL2XTEVRypump: 429 Client Error: Too Many Requests for url: https://api.jup.ag/price/v3?ids=9pnHU5GizjmZpckV82GeMYCtEvwwWgkhL2XTEVRypump
[LiveDataSource] price lookup failed for 6owizP7rMetTrcMVYSZn6WwQCYp1dSiw6NN5CY63pump: 429 Client Error: Too Many Requests for url: https://api.jup.ag/price/v3?ids=6owizP7rMetTrcMVYSZn6WwQCYp1dSiw6NN5CY63pump
[LiveDataSource] price lookup failed for wYorz1ULNPech5zzZxZFp6gW5bwpq1ZbaSsGFi3pump: 429 Client Error: Too Many Requests for url: https://api.jup.ag/price/v3?ids=wYorz1ULNPech5zzZxZFp6gW5bwpq1ZbaSsGFi3pump
[LiveDataSource] price lookup failed for DxLukHDb1HwG2fvZaLEzebqMWB9ZZYwWm7R91wr5pump: 429 Client Error: Too Many Requests for url: https://api.jup.ag/price/v3?ids=DxLukHDb1HwG2fvZaLEzebqMWB9ZZYwWm7R91wr5pump
[LiveDataSource] price lookup failed for qnGDXqF8XF4oNEXwtupEYuiT9n44QwhrHghzDdhpump: 429 Client Error: Too Many Requests for url: https://api.jup.ag/price/v3?ids=qnGDXqF8XF4oNEXwtupEYuiT9n44QwhrHghzDdhpump
[LiveDataSource] price lookup failed for DxLukHDb1HwG2fvZaLEzebqMWB9ZZYwWm7R91wr5pump: 429 Client Error: Too Many Requests for url: https://api.jup.ag/price/v3?ids=DxLukHDb1HwG2fvZaLEzebqMWB9ZZYwWm7R91wr5pump
[LiveDataSource] price lookup failed for qnGDXqF8XF4oNEXwtupEYuiT9n44QwhrHghzDdhpump: 429 Client Error: Too Many Requests for url: https://api.jup.ag/price/v3?ids=qnGDXqF8XF4oNEXwtupEYuiT9n44QwhrHghzDdhpump
[LiveDataSource] price lookup failed for qnGDXqF8XF4oNEXwtupEYuiT9n44QwhrHghzDdhpump: 429 Client Error: Too Many Requests for url: https://api.jup.ag/price/v3?ids=qnGDXqF8XF4oNEXwtupEYuiT9n44QwhrHghzDdhpump
[LiveDataSource] price lookup failed for qnGDXqF8XF4oNEXwtupEYuiT9n44QwhrHghzDdhpump: 429 Client Error: Too Many Requests for url: https://api.jup.ag/price/v3?ids=qnGDXqF8XF4oNEXwtupEYuiT9n44QwhrHghzDdhpump
[LiveDataSource] price lookup failed for DxLukHDb1HwG2fvZaLEzebqMWB9ZZYwWm7R91wr5pump: 429 Client Error: Too Many Requests for url: https://api.jup.ag/price/v3?ids=DxLukHDb1HwG2fvZaLEzebqMWB9ZZYwWm7R91wr5pump
[LiveDataSource] price lookup failed for wYorz1ULNPech5zzZxZFp6gW5bwpq1ZbaSsGFi3pump: 429 Client Error: Too Many Requests for url: https://api.jup.ag/price/v3?ids=wYorz1ULNPech5zzZxZFp6gW5bwpq1ZbaSsGFi3pump
[LiveDataSource] price lookup failed for y4zEm5T6ZJjPFCwvAUj2qLWfFXhnrY9MuB8dDuWpump: 429 Client Error: Too Many Requests for url: https://api.jup.ag/price/v3?ids=y4zEm5T6ZJjPFCwvAUj2qLWfFXhnrY9MuB8dDuWpump
[LiveDataSource] price lookup failed for wYorz1ULNPech5zzZxZFp6gW5bwpq1ZbaSsGFi3pump: 429 Client Error: Too Many Requests for url: https://api.jup.ag/price/v3?ids=wYorz1ULNPech5zzZxZFp6gW5bwpq1ZbaSsGFi3pump
[LiveDataSource] price lookup failed for y4zEm5T6ZJjPFCwvAUj2qLWfFXhnrY9MuB8dDuWpump: 429 Client Error: Too Many Requests for url: https://api.jup.ag/price/v3?ids=y4zEm5T6ZJjPFCwvAUj2qLWfFXhnrY9MuB8dDuWpump
[LiveDataSource] price lookup failed for GFs4yTzjvxZU3rYisBFKkgRq5Mua5Cy1s2M8xKtmpump: 429 Client Error: Too Many Requests for url: https://api.jup.ag/price/v3?ids=GFs4yTzjvxZU3rYisBFKkgRq5Mua5Cy1s2M8xKtmpump
[LiveDataSource] price lookup failed for AmkoL6C4xiyuVMoGmdFrrdRkdf9XAfnJ6nVR4Hapump: 429 Client Error: Too Many Requests for url: https://api.jup.ag/price/v3?ids=AmkoL6C4xiyuVMoGmdFrrdRkdf9XAfnJ6nVR4Hapump
[LiveDataSource] price lookup failed for GFs4yTzjvxZU3rYisBFKkgRq5Mua5Cy1s2M8xKtmpump: 429 Client Error: Too Many Requests for url: https://api.jup.ag/price/v3?ids=GFs4yTzjvxZU3rYisBFKkgRq5Mua5Cy1s2M8xKtmpump
[LiveDataSource] price lookup failed for AmkoL6C4xiyuVMoGmdFrrdRkdf9XAfnJ6nVR4Hapump: 429 Client Error: Too Many Requests for url: https://api.jup.ag/price/v3?ids=AmkoL6C4xiyuVMoGmdFrrdRkdf9XAfnJ6nVR4Hapump
[LiveDataSource] price lookup failed for GFs4yTzjvxZU3rYisBFKkgRq5Mua5Cy1s2M8xKtmpump: 429 Client Error: Too Many Requests for url: https://api.jup.ag/price/v3?ids=GFs4yTzjvxZU3rYisBFKkgRq5Mua5Cy1s2M8xKtmpump
[LiveDataSource] price lookup failed for 5ckKGpXQe8nxxoB2EzWASUyKo4KNumSrC5aat4A2pump: 429 Client Error: Too Many Requests for url: https://api.jup.ag/price/v3?ids=5ckKGpXQe8nxxoB2EzWASUyKo4KNumSrC5aat4A2pump
[LiveDataSource] price lookup failed for 5ckKGpXQe8nxxoB2EzWASUyKo4KNumSrC5aat4A2pump: 429 Client Error: Too Many Requests for url: https://api.jup.ag/price/v3?ids=5ckKGpXQe8nxxoB2EzWASUyKo4KNumSrC5aat4A2pump
[LiveDataSource] price lookup failed for 1p4Y7SWCTwTYj5pw834hXH31qDWVJbJKBn6ppvspump: 429 Client Error: Too Many Requests for url: https://api.jup.ag/price/v3?ids=1p4Y7SWCTwTYj5pw834hXH31qDWVJbJKBn6ppvspump
[LiveDataSource] price lookup failed for 1p4Y7SWCTwTYj5pw834hXH31qDWVJbJKBn6ppvspump: 429 Client Error: Too Many Requests for url: https://api.jup.ag/price/v3?ids=1p4Y7SWCTwTYj5pw834hXH31qDWVJbJKBn6ppvspump
[LiveDataSource] price lookup failed for 5ckKGpXQe8nxxoB2EzWASUyKo4KNumSrC5aat4A2pump: 429 Client Error: Too Many Requests for url: https://api.jup.ag/price/v3?ids=5ckKGpXQe8nxxoB2EzWASUyKo4KNumSrC5aat4A2pump
[LiveDataSource] price lookup failed for 1p4Y7SWCTwTYj5pw834hXH31qDWVJbJKBn6ppvspump: 429 Client Error: Too Many Requests for url: https://api.jup.ag/price/v3?ids=1p4Y7SWCTwTYj5pw834hXH31qDWVJbJKBn6ppvspump
[LiveDataSource] price lookup failed for 5ckKGpXQe8nxxoB2EzWASUyKo4KNumSrC5aat4A2pump: 429 Client Error: Too Many Requests for url: https://api.jup.ag/price/v3?ids=5ckKGpXQe8nxxoB2EzWASUyKo4KNumSrC5aat4A2pump
[LiveDataSource] price lookup failed for 1p4Y7SWCTwTYj5pw834hXH31qDWVJbJKBn6ppvspump: 429 Client Error: Too Many Requests for url: https://api.jup.ag/price/v3?ids=1p4Y7SWCTwTYj5pw834hXH31qDWVJbJKBn6ppvspump
[LiveDataSource] price lookup failed for 1p4Y7SWCTwTYj5pw834hXH31qDWVJbJKBn6ppvspump: 429 Client Error: Too Many Requests for url: https://api.jup.ag/price/v3?ids=1p4Y7SWCTwTYj5pw834hXH31qDWVJbJKBn6ppvspump
[LiveDataSource] price lookup failed for 1p4Y7SWCTwTYj5pw834hXH31qDWVJbJKBn6ppvspump: 429 Client Error: Too Many Requests for url: https://api.jup.ag/price/v3?ids=1p4Y7SWCTwTYj5pw834hXH31qDWVJbJKBn6ppvspump
[LiveDataSource] price lookup failed for BM5UxWDrY2tVxHA6H9xMGcnbki2V8N1TRKkKyQYNpump: 429 Client Error: Too Many Requests for url: https://api.jup.ag/price/v3?ids=BM5UxWDrY2tVxHA6H9xMGcnbki2V8N1TRKkKyQYNpump
[LiveDataSource] price lookup failed for 4Ks4atZspDwgWm8ZEyJiQb7BcUMTHu46xBoXcxSwpump: 429 Client Error: Too Many Requests for url: https://api.jup.ag/price/v3?ids=4Ks4atZspDwgWm8ZEyJiQb7BcUMTHu46xBoXcxSwpump
[LiveDataSource] price lookup failed for 1p4Y7SWCTwTYj5pw834hXH31qDWVJbJKBn6ppvspump: 429 Client Error: Too Many Requests for url: https://api.jup.ag/price/v3?ids=1p4Y7SWCTwTYj5pw834hXH31qDWVJbJKBn6ppvspump
[LiveDataSource] price lookup failed for 1p4Y7SWCTwTYj5pw834hXH31qDWVJbJKBn6ppvspump: 429 Client Error: Too Many Requests for url: https://api.jup.ag/price/v3?ids=1p4Y7SWCTwTYj5pw834hXH31qDWVJbJKBn6ppvspump
[LiveDataSource] price lookup failed for 1p4Y7SWCTwTYj5pw834hXH31qDWVJbJKBn6ppvspump: 429 Client Error: Too Many Requests for url: https://api.jup.ag/price/v3?ids=1p4Y7SWCTwTYj5pw834hXH31qDWVJbJKBn6ppvspump
[LiveDataSource] price lookup failed for 6xfWEoaEK5yrBZsjKzXrbVkxozW4RdDJmuD9yQe2pump: 429 Client Error: Too Many Requests for url: https://api.jup.ag/price/v3?ids=6xfWEoaEK5yrBZsjKzXrbVkxozW4RdDJmuD9yQe2pump
[LiveDataSource] price lookup failed for 1p4Y7SWCTwTYj5pw834hXH31qDWVJbJKBn6ppvspump: 429 Client Error: Too Many Requests for url: https://api.jup.ag/price/v3?ids=1p4Y7SWCTwTYj5pw834hXH31qDWVJbJKBn6ppvspump
[LiveDataSource] price lookup failed for 6xfWEoaEK5yrBZsjKzXrbVkxozW4RdDJmuD9yQe2pump: 429 Client Error: Too Many Requests for url: https://api.jup.ag/price/v3?ids=6xfWEoaEK5yrBZsjKzXrbVkxozW4RdDJmuD9yQe2pump
[LiveDataSource] price lookup failed for 1p4Y7SWCTwTYj5pw834hXH31qDWVJbJKBn6ppvspump: 429 Client Error: Too Many Requests for url: https://api.jup.ag/price/v3?ids=1p4Y7SWCTwTYj5pw834hXH31qDWVJbJKBn6ppvspump
[LiveDataSource] price lookup failed for 1p4Y7SWCTwTYj5pw834hXH31qDWVJbJKBn6ppvspump: 429 Client Error: Too Many Requests for url: https://api.jup.ag/price/v3?ids=1p4Y7SWCTwTYj5pw834hXH31qDWVJbJKBn6ppvspump
[LiveDataSource] price lookup failed for 6xfWEoaEK5yrBZsjKzXrbVkxozW4RdDJmuD9yQe2pump: 429 Client Error: Too Many Requests for url: https://api.jup.ag/price/v3?ids=6xfWEoaEK5yrBZsjKzXrbVkxozW4RdDJmuD9yQe2pump
[LiveDataSource] price lookup failed for 6xfWEoaEK5yrBZsjKzXrbVkxozW4RdDJmuD9yQe2pump: 429 Client Error: Too Many Requests for url: https://api.jup.ag/price/v3?ids=6xfWEoaEK5yrBZsjKzXrbVkxozW4RdDJmuD9yQe2pump
[LiveDataSource] price lookup failed for 1p4Y7SWCTwTYj5pw834hXH31qDWVJbJKBn6ppvspump: 429 Client Error: Too Many Requests for url: https://api.jup.ag/price/v3?ids=1p4Y7SWCTwTYj5pw834hXH31qDWVJbJKBn6ppvspump
[LiveDataSource] price lookup failed for 6xfWEoaEK5yrBZsjKzXrbVkxozW4RdDJmuD9yQe2pump: 429 Client Error: Too Many Requests for url: https://api.jup.ag/price/v3?ids=6xfWEoaEK5yrBZsjKzXrbVkxozW4RdDJmuD9yQe2pump
[LiveDataSource] price lookup failed for 6xfWEoaEK5yrBZsjKzXrbVkxozW4RdDJmuD9yQe2pump: 429 Client Error: Too Many Requests for url: https://api.jup.ag/price/v3?ids=6xfWEoaEK5yrBZsjKzXrbVkxozW4RdDJmuD9yQe2pump
[LiveDataSource] price lookup failed for 6xfWEoaEK5yrBZsjKzXrbVkxozW4RdDJmuD9yQe2pump: 429 Client Error: Too Many Requests for url: https://api.jup.ag/price/v3?ids=6xfWEoaEK5yrBZsjKzXrbVkxozW4RdDJmuD9yQe2pump
[LiveDataSource] price lookup failed for 1p4Y7SWCTwTYj5pw834hXH31qDWVJbJKBn6ppvspump: 429 Client Error: Too Many Requests for url: https://api.jup.ag/price/v3?ids=1p4Y7SWCTwTYj5pw834hXH31qDWVJbJKBn6ppvspump
[LiveDataSource] price lookup failed for 6xfWEoaEK5yrBZsjKzXrbVkxozW4RdDJmuD9yQe2pump: 429 Client Error: Too Many Requests for url: https://api.jup.ag/price/v3?ids=6xfWEoaEK5yrBZsjKzXrbVkxozW4RdDJmuD9yQe2pump
[LiveDataSource] price lookup failed for 1p4Y7SWCTwTYj5pw834hXH31qDWVJbJKBn6ppvspump: 429 Client Error: Too Many Requests for url: https://api.jup.ag/price/v3?ids=1p4Y7SWCTwTYj5pw834hXH31qDWVJbJKBn6ppvspump
[LiveDataSource] price lookup failed for 6xfWEoaEK5yrBZsjKzXrbVkxozW4RdDJmuD9yQe2pump: 429 Client Error: Too Many Requests for url: https://api.jup.ag/price/v3?ids=6xfWEoaEK5yrBZsjKzXrbVkxozW4RdDJmuD9yQe2pump
[LiveDataSource] price lookup failed for 1p4Y7SWCTwTYj5pw834hXH31qDWVJbJKBn6ppvspump: 429 Client Error: Too Many Requests for url: https://api.jup.ag/price/v3?ids=1p4Y7SWCTwTYj5pw834hXH31qDWVJbJKBn6ppvspump
[LiveDataSource] price lookup failed for qg4fcJ9sbpWkGjPz4SDm5gzxibaaYs4Cb1pcW3rpump: 429 Client Error: Too Many Requests for url: https://api.jup.ag/price/v3?ids=qg4fcJ9sbpWkGjPz4SDm5gzxibaaYs4Cb1pcW3rpump
[LiveDataSource] price lookup failed for 1p4Y7SWCTwTYj5pw834hXH31qDWVJbJKBn6ppvspump: 429 Client Error: Too Many Requests for url: https://api.jup.ag/price/v3?ids=1p4Y7SWCTwTYj5pw834hXH31qDWVJbJKBn6ppvspump
[LiveDataSource] price lookup failed for qg4fcJ9sbpWkGjPz4SDm5gzxibaaYs4Cb1pcW3rpump: 429 Client Error: Too Many Requests for url: https://api.jup.ag/price/v3?ids=qg4fcJ9sbpWkGjPz4SDm5gzxibaaYs4Cb1pcW3rpump
[LiveDataSource] price lookup failed for 1p4Y7SWCTwTYj5pw834hXH31qDWVJbJKBn6ppvspump: 429 Client Error: Too Many Requests for url: https://api.jup.ag/price/v3?ids=1p4Y7SWCTwTYj5pw834hXH31qDWVJbJKBn6ppvspump
[LiveDataSource] price lookup failed for 1p4Y7SWCTwTYj5pw834hXH31qDWVJbJKBn6ppvspump: 429 Client Error: Too Many Requests for url: https://api.jup.ag/price/v3?ids=1p4Y7SWCTwTYj5pw834hXH31qDWVJbJKBn6ppvspump
[LiveDataSource] price lookup failed for 1p4Y7SWCTwTYj5pw834hXH31qDWVJbJKBn6ppvspump: 429 Client Error: Too Many Requests for url: https://api.jup.ag/price/v3?ids=1p4Y7SWCTwTYj5pw834hXH31qDWVJbJKBn6ppvspump
[LiveDataSource] price lookup failed for 1p4Y7SWCTwTYj5pw834hXH31qDWVJbJKBn6ppvspump: 429 Client Error: Too Many Requests for url: https://api.jup.ag/price/v3?ids=1p4Y7SWCTwTYj5pw834hXH31qDWVJbJKBn6ppvspump
[LiveDataSource] price lookup failed for 1p4Y7SWCTwTYj5pw834hXH31qDWVJbJKBn6ppvspump: 429 Client Error: Too Many Requests for url: https://api.jup.ag/price/v3?ids=1p4Y7SWCTwTYj5pw834hXH31qDWVJbJKBn6ppvspump
[LiveDataSource] price lookup failed for 1p4Y7SWCTwTYj5pw834hXH31qDWVJbJKBn6ppvspump: 429 Client Error: Too Many Requests for url: https://api.jup.ag/price/v3?ids=1p4Y7SWCTwTYj5pw834hXH31qDWVJbJKBn6ppvspump
[LiveDataSource] price lookup failed for qg4fcJ9sbpWkGjPz4SDm5gzxibaaYs4Cb1pcW3rpump: 429 Client Error: Too Many Requests for url: https://api.jup.ag/price/v3?ids=qg4fcJ9sbpWkGjPz4SDm5gzxibaaYs4Cb1pcW3rpump
[LiveDataSource] price lookup failed for 1p4Y7SWCTwTYj5pw834hXH31qDWVJbJKBn6ppvspump: 429 Client Error: Too Many Requests for url: https://api.jup.ag/price/v3?ids=1p4Y7SWCTwTYj5pw834hXH31qDWVJbJKBn6ppvspump
[LiveDataSource] price lookup failed for qg4fcJ9sbpWkGjPz4SDm5gzxibaaYs4Cb1pcW3rpump: 429 Client Error: Too Many Requests for url: https://api.jup.ag/price/v3?ids=qg4fcJ9sbpWkGjPz4SDm5gzxibaaYs4Cb1pcW3rpump
[LiveDataSource] price lookup failed for qg4fcJ9sbpWkGjPz4SDm5gzxibaaYs4Cb1pcW3rpump: 429 Client Error: Too Many Requests for url: https://api.jup.ag/price/v3?ids=qg4fcJ9sbpWkGjPz4SDm5gzxibaaYs4Cb1pcW3rpump
[LiveDataSource] price lookup failed for qg4fcJ9sbpWkGjPz4SDm5gzxibaaYs4Cb1pcW3rpump: 429 Client Error: Too Many Requests for url: https://api.jup.ag/price/v3?ids=qg4fcJ9sbpWkGjPz4SDm5gzxibaaYs4Cb1pcW3rpump
[LiveDataSource] price lookup failed for qg4fcJ9sbpWkGjPz4SDm5gzxibaaYs4Cb1pcW3rpump: 429 Client Error: Too Many Requests for url: https://api.jup.ag/price/v3?ids=qg4fcJ9sbpWkGjPz4SDm5gzxibaaYs4Cb1pcW3rpump
[LiveDataSource] price lookup failed for 1p4Y7SWCTwTYj5pw834hXH31qDWVJbJKBn6ppvspump: 429 Client Error: Too Many Requests for url: https://api.jup.ag/price/v3?ids=1p4Y7SWCTwTYj5pw834hXH31qDWVJbJKBn6ppvspump
[LiveDataSource] price lookup failed for qg4fcJ9sbpWkGjPz4SDm5gzxibaaYs4Cb1pcW3rpump: 429 Client Error: Too Many Requests for url: https://api.jup.ag/price/v3?ids=qg4fcJ9sbpWkGjPz4SDm5gzxibaaYs4Cb1pcW3rpump
[LiveDataSource] price lookup failed for 1p4Y7SWCTwTYj5pw834hXH31qDWVJbJKBn6ppvspump: 429 Client Error: Too Many Requests for url: https://api.jup.ag/price/v3?ids=1p4Y7SWCTwTYj5pw834hXH31qDWVJbJKBn6ppvspump
[LiveDataSource] price lookup failed for 1p4Y7SWCTwTYj5pw834hXH31qDWVJbJKBn6ppvspump: 429 Client Error: Too Many Requests for url: https://api.jup.ag/price/v3?ids=1p4Y7SWCTwTYj5pw834hXH31qDWVJbJKBn6ppvspump
[LiveDataSource] price lookup failed for NVyAKrT4r5HtpqTrw48dyHfhhg5r1x8dLgRwiL9pump: 429 Client Error: Too Many Requests for url: https://api.jup.ag/price/v3?ids=NVyAKrT4r5HtpqTrw48dyHfhhg5r1x8dLgRwiL9pump
[LiveDataSource] price lookup failed for NVyAKrT4r5HtpqTrw48dyHfhhg5r1x8dLgRwiL9pump: 429 Client Error: Too Many Requests for url: https://api.jup.ag/price/v3?ids=NVyAKrT4r5HtpqTrw48dyHfhhg5r1x8dLgRwiL9pump
[LiveDataSource] price lookup failed for 1p4Y7SWCTwTYj5pw834hXH31qDWVJbJKBn6ppvspump: 429 Client Error: Too Many Requests for url: https://api.jup.ag/price/v3?ids=1p4Y7SWCTwTYj5pw834hXH31qDWVJbJKBn6ppvspump
[LiveDataSource] price lookup failed for Ae6kznGYktyRtHFijtfNkVw3qmgKfwLMHCaFSU64pump: 429 Client Error: Too Many Requests for url: https://api.jup.ag/price/v3?ids=Ae6kznGYktyRtHFijtfNkVw3qmgKfwLMHCaFSU64pump
[LiveDataSource] price lookup failed for Ae6kznGYktyRtHFijtfNkVw3qmgKfwLMHCaFSU64pump: 429 Client Error: Too Many Requests for url: https://api.jup.ag/price/v3?ids=Ae6kznGYktyRtHFijtfNkVw3qmgKfwLMHCaFSU64pump
[LiveDataSource] price lookup failed for qg4fcJ9sbpWkGjPz4SDm5gzxibaaYs4Cb1pcW3rpump: 429 Client Error: Too Many Requests for url: https://api.jup.ag/price/v3?ids=qg4fcJ9sbpWkGjPz4SDm5gzxibaaYs4Cb1pcW3rpump
[LiveDataSource] price lookup failed for CiKKNzoK5r276G5kVZaSruRZPU6XyEfGdGCku5sUpump: 429 Client Error: Too Many Requests for url: https://api.jup.ag/price/v3?ids=CiKKNzoK5r276G5kVZaSruRZPU6XyEfGdGCku5sUpump
[LiveDataSource] price lookup failed for CiKKNzoK5r276G5kVZaSruRZPU6XyEfGdGCku5sUpump: 429 Client Error: Too Many Requests for url: https://api.jup.ag/price/v3?ids=CiKKNzoK5r276G5kVZaSruRZPU6XyEfGdGCku5sUpump
[LiveDataSource] price lookup failed for GKLgAVEiZiQZ1eJwvXbgRH5yxh6yZLkRqZgy7iQppump: 429 Client Error: Too Many Requests for url: https://api.jup.ag/price/v3?ids=GKLgAVEiZiQZ1eJwvXbgRH5yxh6yZLkRqZgy7iQppump
[LiveDataSource] price lookup failed for E7vwVA22fMdzc67MRzMDSR1eBTZUtJnBBYA6b81Cpump: 429 Client Error: Too Many Requests for url: https://api.jup.ag/price/v3?ids=E7vwVA22fMdzc67MRzMDSR1eBTZUtJnBBYA6b81Cpump
[LiveDataSource] price lookup failed for E7vwVA22fMdzc67MRzMDSR1eBTZUtJnBBYA6b81Cpump: 429 Client Error: Too Many Requests for url: https://api.jup.ag/price/v3?ids=E7vwVA22fMdzc67MRzMDSR1eBTZUtJnBBYA6b81Cpump
[LiveDataSource] price lookup failed for 61gWZuZCUeuYZCBAP95oTdZNTsYa6aQH6xz7hvwJpump: 429 Client Error: Too Many Requests for url: https://api.jup.ag/price/v3?ids=61gWZuZCUeuYZCBAP95oTdZNTsYa6aQH6xz7hvwJpump
[LiveDataSource] price lookup failed for 61gWZuZCUeuYZCBAP95oTdZNTsYa6aQH6xz7hvwJpump: 429 Client Error: Too Many Requests for url: https://api.jup.ag/price/v3?ids=61gWZuZCUeuYZCBAP95oTdZNTsYa6aQH6xz7hvwJpump
[LiveDataSource] price lookup failed for 61gWZuZCUeuYZCBAP95oTdZNTsYa6aQH6xz7hvwJpump: 429 Client Error: Too Many Requests for url: https://api.jup.ag/price/v3?ids=61gWZuZCUeuYZCBAP95oTdZNTsYa6aQH6xz7hvwJpump
[LiveDataSource] price lookup failed for qg4fcJ9sbpWkGjPz4SDm5gzxibaaYs4Cb1pcW3rpump: 429 Client Error: Too Many Requests for url: https://api.jup.ag/price/v3?ids=qg4fcJ9sbpWkGjPz4SDm5gzxibaaYs4Cb1pcW3rpump
[LiveDataSource] price lookup failed for 8W5eXtZ6iu4mJs5uCbfsCuYjMq4XS53Y8EkpbEdpump: 429 Client Error: Too Many Requests for url: https://api.jup.ag/price/v3?ids=8W5eXtZ6iu4mJs5uCbfsCuYjMq4XS53Y8EkpbEdpump
[LiveDataSource] price lookup failed for 89K8nAGHyVt2ataDa5EhSwB5xxtQ3xTcrXYDeAMBpump: 429 Client Error: Too Many Requests for url: https://api.jup.ag/price/v3?ids=89K8nAGHyVt2ataDa5EhSwB5xxtQ3xTcrXYDeAMBpump
[LiveDataSource] price lookup failed for hHFXWyo4ee4wv8QatmtVWuoF1wQ5wZxWmHLpJN9pump: 429 Client Error: Too Many Requests for url: https://api.jup.ag/price/v3?ids=hHFXWyo4ee4wv8QatmtVWuoF1wQ5wZxWmHLpJN9pump
[LiveDataSource] price lookup failed for 4k8h9jFthdjuKMdJcLbdYpjUE73QATeiUx6gxLr5pump: 429 Client Error: Too Many Requests for url: https://api.jup.ag/price/v3?ids=4k8h9jFthdjuKMdJcLbdYpjUE73QATeiUx6gxLr5pump
[LiveDataSource] price lookup failed for hHFXWyo4ee4wv8QatmtVWuoF1wQ5wZxWmHLpJN9pump: 429 Client Error: Too Many Requests for url: https://api.jup.ag/price/v3?ids=hHFXWyo4ee4wv8QatmtVWuoF1wQ5wZxWmHLpJN9pump
[LiveDataSource] price lookup failed for 5qvUXRrdVZUk37zmvPjtSPsbU2VdV33eAB6Q16PKpump: 429 Client Error: Too Many Requests for url: https://api.jup.ag/price/v3?ids=5qvUXRrdVZUk37zmvPjtSPsbU2VdV33eAB6Q16PKpump
[LiveDataSource] price lookup failed for 5qvUXRrdVZUk37zmvPjtSPsbU2VdV33eAB6Q16PKpump: 429 Client Error: Too Many Requests for url: https://api.jup.ag/price/v3?ids=5qvUXRrdVZUk37zmvPjtSPsbU2VdV33eAB6Q16PKpump
[LiveDataSource] price lookup failed for hHFXWyo4ee4wv8QatmtVWuoF1wQ5wZxWmHLpJN9pump: 429 Client Error: Too Many Requests for url: https://api.jup.ag/price/v3?ids=hHFXWyo4ee4wv8QatmtVWuoF1wQ5wZxWmHLpJN9pump
[LiveDataSource] price lookup failed for hHFXWyo4ee4wv8QatmtVWuoF1wQ5wZxWmHLpJN9pump: 429 Client Error: Too Many Requests for url: https://api.jup.ag/price/v3?ids=hHFXWyo4ee4wv8QatmtVWuoF1wQ5wZxWmHLpJN9pump
[LiveDataSource] price lookup failed for hHFXWyo4ee4wv8QatmtVWuoF1wQ5wZxWmHLpJN9pump: 429 Client Error: Too Many Requests for url: https://api.jup.ag/price/v3?ids=hHFXWyo4ee4wv8QatmtVWuoF1wQ5wZxWmHLpJN9pump
[LiveDataSource] price lookup failed for 5qvUXRrdVZUk37zmvPjtSPsbU2VdV33eAB6Q16PKpump: 429 Client Error: Too Many Requests for url: https://api.jup.ag/price/v3?ids=5qvUXRrdVZUk37zmvPjtSPsbU2VdV33eAB6Q16PKpump
[LiveDataSource] price lookup failed for hHFXWyo4ee4wv8QatmtVWuoF1wQ5wZxWmHLpJN9pump: 429 Client Error: Too Many Requests for url: https://api.jup.ag/price/v3?ids=hHFXWyo4ee4wv8QatmtVWuoF1wQ5wZxWmHLpJN9pump
[LiveDataSource] price lookup failed for hHFXWyo4ee4wv8QatmtVWuoF1wQ5wZxWmHLpJN9pump: 429 Client Error: Too Many Requests for url: https://api.jup.ag/price/v3?ids=hHFXWyo4ee4wv8QatmtVWuoF1wQ5wZxWmHLpJN9pump
[LiveDataSource] price lookup failed for 5qvUXRrdVZUk37zmvPjtSPsbU2VdV33eAB6Q16PKpump: 429 Client Error: Too Many Requests for url: https://api.jup.ag/price/v3?ids=5qvUXRrdVZUk37zmvPjtSPsbU2VdV33eAB6Q16PKpump
[LiveDataSource] price lookup failed for hHFXWyo4ee4wv8QatmtVWuoF1wQ5wZxWmHLpJN9pump: 429 Client Error: Too Many Requests for url: https://api.jup.ag/price/v3?ids=hHFXWyo4ee4wv8QatmtVWuoF1wQ5wZxWmHLpJN9pump
[LiveDataSource] price lookup failed for 5qvUXRrdVZUk37zmvPjtSPsbU2VdV33eAB6Q16PKpump: 429 Client Error: Too Many Requests for url: https://api.jup.ag/price/v3?ids=5qvUXRrdVZUk37zmvPjtSPsbU2VdV33eAB6Q16PKpump
[LiveDataSource] price lookup failed for hHFXWyo4ee4wv8QatmtVWuoF1wQ5wZxWmHLpJN9pump: 429 Client Error: Too Many Requests for url: https://api.jup.ag/price/v3?ids=hHFXWyo4ee4wv8QatmtVWuoF1wQ5wZxWmHLpJN9pump
[LiveDataSource] price lookup failed for 5qvUXRrdVZUk37zmvPjtSPsbU2VdV33eAB6Q16PKpump: 429 Client Error: Too Many Requests for url: https://api.jup.ag/price/v3?ids=5qvUXRrdVZUk37zmvPjtSPsbU2VdV33eAB6Q16PKpump
[LiveDataSource] price lookup failed for 5qvUXRrdVZUk37zmvPjtSPsbU2VdV33eAB6Q16PKpump: 429 Client Error: Too Many Requests for url: https://api.jup.ag/price/v3?ids=5qvUXRrdVZUk37zmvPjtSPsbU2VdV33eAB6Q16PKpump
[LiveDataSource] price lookup failed for 5qvUXRrdVZUk37zmvPjtSPsbU2VdV33eAB6Q16PKpump: 429 Client Error: Too Many Requests for url: https://api.jup.ag/price/v3?ids=5qvUXRrdVZUk37zmvPjtSPsbU2VdV33eAB6Q16PKpump
[LiveDataSource] price lookup failed for hHFXWyo4ee4wv8QatmtVWuoF1wQ5wZxWmHLpJN9pump: 429 Client Error: Too Many Requests for url: https://api.jup.ag/price/v3?ids=hHFXWyo4ee4wv8QatmtVWuoF1wQ5wZxWmHLpJN9pump
[LiveDataSource] price lookup failed for hHFXWyo4ee4wv8QatmtVWuoF1wQ5wZxWmHLpJN9pump: 429 Client Error: Too Many Requests for url: https://api.jup.ag/price/v3?ids=hHFXWyo4ee4wv8QatmtVWuoF1wQ5wZxWmHLpJN9pump
[LiveDataSource] price lookup failed for 5qvUXRrdVZUk37zmvPjtSPsbU2VdV33eAB6Q16PKpump: 429 Client Error: Too Many Requests for url: https://api.jup.ag/price/v3?ids=5qvUXRrdVZUk37zmvPjtSPsbU2VdV33eAB6Q16PKpump
[LiveDataSource] price lookup failed for 5qvUXRrdVZUk37zmvPjtSPsbU2VdV33eAB6Q16PKpump: 429 Client Error: Too Many Requests for url: https://api.jup.ag/price/v3?ids=5qvUXRrdVZUk37zmvPjtSPsbU2VdV33eAB6Q16PKpump
[LiveDataSource] price lookup failed for hHFXWyo4ee4wv8QatmtVWuoF1wQ5wZxWmHLpJN9pump: 429 Client Error: Too Many Requests for url: https://api.jup.ag/price/v3?ids=hHFXWyo4ee4wv8QatmtVWuoF1wQ5wZxWmHLpJN9pump
[LiveDataSource] price lookup failed for 5qvUXRrdVZUk37zmvPjtSPsbU2VdV33eAB6Q16PKpump: 429 Client Error: Too Many Requests for url: https://api.jup.ag/price/v3?ids=5qvUXRrdVZUk37zmvPjtSPsbU2VdV33eAB6Q16PKpump
[LiveDataSource] price lookup failed for hHFXWyo4ee4wv8QatmtVWuoF1wQ5wZxWmHLpJN9pump: 429 Client Error: Too Many Requests for url: https://api.jup.ag/price/v3?ids=hHFXWyo4ee4wv8QatmtVWuoF1wQ5wZxWmHLpJN9pump
[LiveDataSource] price lookup failed for kz6rKizdEhKZp6xsTfBgRyukZDUVExGyuSWLuAhpump: 429 Client Error: Too Many Requests for url: https://api.jup.ag/price/v3?ids=kz6rKizdEhKZp6xsTfBgRyukZDUVExGyuSWLuAhpump
[LiveDataSource] price lookup failed for hHFXWyo4ee4wv8QatmtVWuoF1wQ5wZxWmHLpJN9pump: 429 Client Error: Too Many Requests for url: https://api.jup.ag/price/v3?ids=hHFXWyo4ee4wv8QatmtVWuoF1wQ5wZxWmHLpJN9pump
[LiveDataSource] price lookup failed for kz6rKizdEhKZp6xsTfBgRyukZDUVExGyuSWLuAhpump: 429 Client Error: Too Many Requests for url: https://api.jup.ag/price/v3?ids=kz6rKizdEhKZp6xsTfBgRyukZDUVExGyuSWLuAhpump
[LiveDataSource] price lookup failed for hHFXWyo4ee4wv8QatmtVWuoF1wQ5wZxWmHLpJN9pump: 429 Client Error: Too Many Requests for url: https://api.jup.ag/price/v3?ids=hHFXWyo4ee4wv8QatmtVWuoF1wQ5wZxWmHLpJN9pump
[LiveDataSource] price lookup failed for hHFXWyo4ee4wv8QatmtVWuoF1wQ5wZxWmHLpJN9pump: 429 Client Error: Too Many Requests for url: https://api.jup.ag/price/v3?ids=hHFXWyo4ee4wv8QatmtVWuoF1wQ5wZxWmHLpJN9pump
[LiveDataSource] price lookup failed for hHFXWyo4ee4wv8QatmtVWuoF1wQ5wZxWmHLpJN9pump: 429 Client Error: Too Many Requests for url: https://api.jup.ag/price/v3?ids=hHFXWyo4ee4wv8QatmtVWuoF1wQ5wZxWmHLpJN9pump
[LiveDataSource] price lookup failed for hHFXWyo4ee4wv8QatmtVWuoF1wQ5wZxWmHLpJN9pump: 429 Client Error: Too Many Requests for url: https://api.jup.ag/price/v3?ids=hHFXWyo4ee4wv8QatmtVWuoF1wQ5wZxWmHLpJN9pump
[LiveDataSource] price lookup failed for hHFXWyo4ee4wv8QatmtVWuoF1wQ5wZxWmHLpJN9pump: 429 Client Error: Too Many Requests for url: https://api.jup.ag/price/v3?ids=hHFXWyo4ee4wv8QatmtVWuoF1wQ5wZxWmHLpJN9pump
[LiveDataSource] price lookup failed for hHFXWyo4ee4wv8QatmtVWuoF1wQ5wZxWmHLpJN9pump: 429 Client Error: Too Many Requests for url: https://api.jup.ag/price/v3?ids=hHFXWyo4ee4wv8QatmtVWuoF1wQ5wZxWmHLpJN9pump
[LiveDataSource] price lookup failed for 5qvUXRrdVZUk37zmvPjtSPsbU2VdV33eAB6Q16PKpump: 429 Client Error: Too Many Requests for url: https://api.jup.ag/price/v3?ids=5qvUXRrdVZUk37zmvPjtSPsbU2VdV33eAB6Q16PKpump
[LiveDataSource] price lookup failed for hHFXWyo4ee4wv8QatmtVWuoF1wQ5wZxWmHLpJN9pump: 429 Client Error: Too Many Requests for url: https://api.jup.ag/price/v3?ids=hHFXWyo4ee4wv8QatmtVWuoF1wQ5wZxWmHLpJN9pump
[LiveDataSource] price lookup failed for 5qvUXRrdVZUk37zmvPjtSPsbU2VdV33eAB6Q16PKpump: 429 Client Error: Too Many Requests for url: https://api.jup.ag/price/v3?ids=5qvUXRrdVZUk37zmvPjtSPsbU2VdV33eAB6Q16PKpump
[LiveDataSource] price lookup failed for hHFXWyo4ee4wv8QatmtVWuoF1wQ5wZxWmHLpJN9pump: 429 Client Error: Too Many Requests for url: https://api.jup.ag/price/v3?ids=hHFXWyo4ee4wv8QatmtVWuoF1wQ5wZxWmHLpJN9pump
[LiveDataSource] price lookup failed for 5qvUXRrdVZUk37zmvPjtSPsbU2VdV33eAB6Q16PKpump: 429 Client Error: Too Many Requests for url: https://api.jup.ag/price/v3?ids=5qvUXRrdVZUk37zmvPjtSPsbU2VdV33eAB6Q16PKpump
[LiveDataSource] price lookup failed for 5qvUXRrdVZUk37zmvPjtSPsbU2VdV33eAB6Q16PKpump: 429 Client Error: Too Many Requests for url: https://api.jup.ag/price/v3?ids=5qvUXRrdVZUk37zmvPjtSPsbU2VdV33eAB6Q16PKpump
[LiveDataSource] price lookup failed for hHFXWyo4ee4wv8QatmtVWuoF1wQ5wZxWmHLpJN9pump: 429 Client Error: Too Many Requests for url: https://api.jup.ag/price/v3?ids=hHFXWyo4ee4wv8QatmtVWuoF1wQ5wZxWmHLpJN9pump
[LiveDataSource] price lookup failed for 5qvUXRrdVZUk37zmvPjtSPsbU2VdV33eAB6Q16PKpump: 429 Client Error: Too Many Requests for url: https://api.jup.ag/price/v3?ids=5qvUXRrdVZUk37zmvPjtSPsbU2VdV33eAB6Q16PKpump
[LiveDataSource] price lookup failed for hHFXWyo4ee4wv8QatmtVWuoF1wQ5wZxWmHLpJN9pump: 429 Client Error: Too Many Requests for url: https://api.jup.ag/price/v3?ids=hHFXWyo4ee4wv8QatmtVWuoF1wQ5wZxWmHLpJN9pump
[LiveDataSource] price lookup failed for hHFXWyo4ee4wv8QatmtVWuoF1wQ5wZxWmHLpJN9pump: 429 Client Error: Too Many Requests for url: https://api.jup.ag/price/v3?ids=hHFXWyo4ee4wv8QatmtVWuoF1wQ5wZxWmHLpJN9pump
[LiveDataSource] price lookup failed for 5qvUXRrdVZUk37zmvPjtSPsbU2VdV33eAB6Q16PKpump: 429 Client Error: Too Many Requests for url: https://api.jup.ag/price/v3?ids=5qvUXRrdVZUk37zmvPjtSPsbU2VdV33eAB6Q16PKpump
[LiveDataSource] price lookup failed for hHFXWyo4ee4wv8QatmtVWuoF1wQ5wZxWmHLpJN9pump: 429 Client Error: Too Many Requests for url: https://api.jup.ag/price/v3?ids=hHFXWyo4ee4wv8QatmtVWuoF1wQ5wZxWmHLpJN9pump
[LiveDataSource] price lookup failed for hHFXWyo4ee4wv8QatmtVWuoF1wQ5wZxWmHLpJN9pump: 429 Client Error: Too Many Requests for url: https://api.jup.ag/price/v3?ids=hHFXWyo4ee4wv8QatmtVWuoF1wQ5wZxWmHLpJN9pump
[LiveDataSource] price lookup failed for 5qvUXRrdVZUk37zmvPjtSPsbU2VdV33eAB6Q16PKpump: 429 Client Error: Too Many Requests for url: https://api.jup.ag/price/v3?ids=5qvUXRrdVZUk37zmvPjtSPsbU2VdV33eAB6Q16PKpump
[LiveDataSource] price lookup failed for kz6rKizdEhKZp6xsTfBgRyukZDUVExGyuSWLuAhpump: 429 Client Error: Too Many Requests for url: https://api.jup.ag/price/v3?ids=kz6rKizdEhKZp6xsTfBgRyukZDUVExGyuSWLuAhpump
[LiveDataSource] price lookup failed for hHFXWyo4ee4wv8QatmtVWuoF1wQ5wZxWmHLpJN9pump: 429 Client Error: Too Many Requests for url: https://api.jup.ag/price/v3?ids=hHFXWyo4ee4wv8QatmtVWuoF1wQ5wZxWmHLpJN9pump
[LiveDataSource] price lookup failed for 5qvUXRrdVZUk37zmvPjtSPsbU2VdV33eAB6Q16PKpump: 429 Client Error: Too Many Requests for url: https://api.jup.ag/price/v3?ids=5qvUXRrdVZUk37zmvPjtSPsbU2VdV33eAB6Q16PKpump
[LiveDataSource] price lookup failed for hHFXWyo4ee4wv8QatmtVWuoF1wQ5wZxWmHLpJN9pump: 429 Client Error: Too Many Requests for url: https://api.jup.ag/price/v3?ids=hHFXWyo4ee4wv8QatmtVWuoF1wQ5wZxWmHLpJN9pump
[LiveDataSource] price lookup failed for 5qvUXRrdVZUk37zmvPjtSPsbU2VdV33eAB6Q16PKpump: 429 Client Error: Too Many Requests for url: https://api.jup.ag/price/v3?ids=5qvUXRrdVZUk37zmvPjtSPsbU2VdV33eAB6Q16PKpump
[LiveDataSource] price lookup failed for hHFXWyo4ee4wv8QatmtVWuoF1wQ5wZxWmHLpJN9pump: 429 Client Error: Too Many Requests for url: https://api.jup.ag/price/v3?ids=hHFXWyo4ee4wv8QatmtVWuoF1wQ5wZxWmHLpJN9pump
[LiveDataSource] price lookup failed for 5qvUXRrdVZUk37zmvPjtSPsbU2VdV33eAB6Q16PKpump: 429 Client Error: Too Many Requests for url: https://api.jup.ag/price/v3?ids=5qvUXRrdVZUk37zmvPjtSPsbU2VdV33eAB6Q16PKpump
[LiveDataSource] price lookup failed for 5qvUXRrdVZUk37zmvPjtSPsbU2VdV33eAB6Q16PKpump: 429 Client Error: Too Many Requests for url: https://api.jup.ag/price/v3?ids=5qvUXRrdVZUk37zmvPjtSPsbU2VdV33eAB6Q16PKpump
[LiveDataSource] price lookup failed for 5qvUXRrdVZUk37zmvPjtSPsbU2VdV33eAB6Q16PKpump: 429 Client Error: Too Many Requests for url: https://api.jup.ag/price/v3?ids=5qvUXRrdVZUk37zmvPjtSPsbU2VdV33eAB6Q16PKpump
[LiveDataSource] price lookup failed for hHFXWyo4ee4wv8QatmtVWuoF1wQ5wZxWmHLpJN9pump: 429 Client Error: Too Many Requests for url: https://api.jup.ag/price/v3?ids=hHFXWyo4ee4wv8QatmtVWuoF1wQ5wZxWmHLpJN9pump
[LiveDataSource] price lookup failed for 5qvUXRrdVZUk37zmvPjtSPsbU2VdV33eAB6Q16PKpump: 429 Client Error: Too Many Requests for url: https://api.jup.ag/price/v3?ids=5qvUXRrdVZUk37zmvPjtSPsbU2VdV33eAB6Q16PKpump
[LiveDataSource] price lookup failed for hHFXWyo4ee4wv8QatmtVWuoF1wQ5wZxWmHLpJN9pump: 429 Client Error: Too Many Requests for url: https://api.jup.ag/price/v3?ids=hHFXWyo4ee4wv8QatmtVWuoF1wQ5wZxWmHLpJN9pump
[LiveDataSource] price lookup failed for hHFXWyo4ee4wv8QatmtVWuoF1wQ5wZxWmHLpJN9pump: 429 Client Error: Too Many Requests for url: https://api.jup.ag/price/v3?ids=hHFXWyo4ee4wv8QatmtVWuoF1wQ5wZxWmHLpJN9pump
[LiveDataSource] price lookup failed for 5qvUXRrdVZUk37zmvPjtSPsbU2VdV33eAB6Q16PKpump: 429 Client Error: Too Many Requests for url: https://api.jup.ag/price/v3?ids=5qvUXRrdVZUk37zmvPjtSPsbU2VdV33eAB6Q16PKpump
[LiveDataSource] price lookup failed for 5qvUXRrdVZUk37zmvPjtSPsbU2VdV33eAB6Q16PKpump: 429 Client Error: Too Many Requests for url: https://api.jup.ag/price/v3?ids=5qvUXRrdVZUk37zmvPjtSPsbU2VdV33eAB6Q16PKpump
[LiveDataSource] price lookup failed for 5qvUXRrdVZUk37zmvPjtSPsbU2VdV33eAB6Q16PKpump: 429 Client Error: Too Many Requests for url: https://api.jup.ag/price/v3?ids=5qvUXRrdVZUk37zmvPjtSPsbU2VdV33eAB6Q16PKpump
[LiveDataSource] price lookup failed for 5qvUXRrdVZUk37zmvPjtSPsbU2VdV33eAB6Q16PKpump: 429 Client Error: Too Many Requests for url: https://api.jup.ag/price/v3?ids=5qvUXRrdVZUk37zmvPjtSPsbU2VdV33eAB6Q16PKpump
[LiveDataSource] price lookup failed for hHFXWyo4ee4wv8QatmtVWuoF1wQ5wZxWmHLpJN9pump: 429 Client Error: Too Many Requests for url: https://api.jup.ag/price/v3?ids=hHFXWyo4ee4wv8QatmtVWuoF1wQ5wZxWmHLpJN9pump
[LiveDataSource] price lookup failed for 5qvUXRrdVZUk37zmvPjtSPsbU2VdV33eAB6Q16PKpump: 429 Client Error: Too Many Requests for url: https://api.jup.ag/price/v3?ids=5qvUXRrdVZUk37zmvPjtSPsbU2VdV33eAB6Q16PKpump
[LiveDataSource] price lookup failed for 5qvUXRrdVZUk37zmvPjtSPsbU2VdV33eAB6Q16PKpump: 429 Client Error: Too Many Requests for url: https://api.jup.ag/price/v3?ids=5qvUXRrdVZUk37zmvPjtSPsbU2VdV33eAB6Q16PKpump
[LiveDataSource] price lookup failed for 5qvUXRrdVZUk37zmvPjtSPsbU2VdV33eAB6Q16PKpump: 429 Client Error: Too Many Requests for url: https://api.jup.ag/price/v3?ids=5qvUXRrdVZUk37zmvPjtSPsbU2VdV33eAB6Q16PKpump
[LiveDataSource] price lookup failed for hHFXWyo4ee4wv8QatmtVWuoF1wQ5wZxWmHLpJN9pump: 429 Client Error: Too Many Requests for url: https://api.jup.ag/price/v3?ids=hHFXWyo4ee4wv8QatmtVWuoF1wQ5wZxWmHLpJN9pump
[LiveDataSource] price lookup failed for hHFXWyo4ee4wv8QatmtVWuoF1wQ5wZxWmHLpJN9pump: 429 Client Error: Too Many Requests for url: https://api.jup.ag/price/v3?ids=hHFXWyo4ee4wv8QatmtVWuoF1wQ5wZxWmHLpJN9pump
[LiveDataSource] price lookup failed for 5qvUXRrdVZUk37zmvPjtSPsbU2VdV33eAB6Q16PKpump: 429 Client Error: Too Many Requests for url: https://api.jup.ag/price/v3?ids=5qvUXRrdVZUk37zmvPjtSPsbU2VdV33eAB6Q16PKpump
[LiveDataSource] price lookup failed for kz6rKizdEhKZp6xsTfBgRyukZDUVExGyuSWLuAhpump: 429 Client Error: Too Many Requests for url: https://api.jup.ag/price/v3?ids=kz6rKizdEhKZp6xsTfBgRyukZDUVExGyuSWLuAhpump
[LiveDataSource] price lookup failed for 5qvUXRrdVZUk37zmvPjtSPsbU2VdV33eAB6Q16PKpump: 429 Client Error: Too Many Requests for url: https://api.jup.ag/price/v3?ids=5qvUXRrdVZUk37zmvPjtSPsbU2VdV33eAB6Q16PKpump
[LiveDataSource] price lookup failed for 5qvUXRrdVZUk37zmvPjtSPsbU2VdV33eAB6Q16PKpump: 429 Client Error: Too Many Requests for url: https://api.jup.ag/price/v3?ids=5qvUXRrdVZUk37zmvPjtSPsbU2VdV33eAB6Q16PKpump
[LiveDataSource] price lookup failed for 5qvUXRrdVZUk37zmvPjtSPsbU2VdV33eAB6Q16PKpump: 429 Client Error: Too Many Requests for url: https://api.jup.ag/price/v3?ids=5qvUXRrdVZUk37zmvPjtSPsbU2VdV33eAB6Q16PKpump
[LiveDataSource] price lookup failed for kz6rKizdEhKZp6xsTfBgRyukZDUVExGyuSWLuAhpump: 429 Client Error: Too Many Requests for url: https://api.jup.ag/price/v3?ids=kz6rKizdEhKZp6xsTfBgRyukZDUVExGyuSWLuAhpump
[LiveDataSource] price lookup failed for 5qvUXRrdVZUk37zmvPjtSPsbU2VdV33eAB6Q16PKpump: 429 Client Error: Too Many Requests for url: https://api.jup.ag/price/v3?ids=5qvUXRrdVZUk37zmvPjtSPsbU2VdV33eAB6Q16PKpump
[LiveDataSource] price lookup failed for 5qvUXRrdVZUk37zmvPjtSPsbU2VdV33eAB6Q16PKpump: 429 Client Error: Too Many Requests for url: https://api.jup.ag/price/v3?ids=5qvUXRrdVZUk37zmvPjtSPsbU2VdV33eAB6Q16PKpump
[LiveDataSource] price lookup failed for 5qvUXRrdVZUk37zmvPjtSPsbU2VdV33eAB6Q16PKpump: 429 Client Error: Too Many Requests for url: https://api.jup.ag/price/v3?ids=5qvUXRrdVZUk37zmvPjtSPsbU2VdV33eAB6Q16PKpump
[LiveDataSource] price lookup failed for 5qvUXRrdVZUk37zmvPjtSPsbU2VdV33eAB6Q16PKpump: 429 Client Error: Too Many Requests for url: https://api.jup.ag/price/v3?ids=5qvUXRrdVZUk37zmvPjtSPsbU2VdV33eAB6Q16PKpump
[LiveDataSource] price lookup failed for 5HpRYgfmAvwGkJNHmw35bdNaFLqLnEHSauRUwVvspump: 429 Client Error: Too Many Requests for url: https://api.jup.ag/price/v3?ids=5HpRYgfmAvwGkJNHmw35bdNaFLqLnEHSauRUwVvspump
[LiveDataSource] price lookup failed for hHFXWyo4ee4wv8QatmtVWuoF1wQ5wZxWmHLpJN9pump: 429 Client Error: Too Many Requests for url: https://api.jup.ag/price/v3?ids=hHFXWyo4ee4wv8QatmtVWuoF1wQ5wZxWmHLpJN9pump
[LiveDataSource] price lookup failed for hHFXWyo4ee4wv8QatmtVWuoF1wQ5wZxWmHLpJN9pump: 429 Client Error: Too Many Requests for url: https://api.jup.ag/price/v3?ids=hHFXWyo4ee4wv8QatmtVWuoF1wQ5wZxWmHLpJN9pump
[LiveDataSource] price lookup failed for 5HpRYgfmAvwGkJNHmw35bdNaFLqLnEHSauRUwVvspump: 429 Client Error: Too Many Requests for url: https://api.jup.ag/price/v3?ids=5HpRYgfmAvwGkJNHmw35bdNaFLqLnEHSauRUwVvspump
[LiveDataSource] price lookup failed for 5HpRYgfmAvwGkJNHmw35bdNaFLqLnEHSauRUwVvspump: 429 Client Error: Too Many Requests for url: https://api.jup.ag/price/v3?ids=5HpRYgfmAvwGkJNHmw35bdNaFLqLnEHSauRUwVvspump
[LiveDataSource] price lookup failed for 5HpRYgfmAvwGkJNHmw35bdNaFLqLnEHSauRUwVvspump: 429 Client Error: Too Many Requests for url: https://api.jup.ag/price/v3?ids=5HpRYgfmAvwGkJNHmw35bdNaFLqLnEHSauRUwVvspump
[LiveDataSource] price lookup failed for hHFXWyo4ee4wv8QatmtVWuoF1wQ5wZxWmHLpJN9pump: 429 Client Error: Too Many Requests for url: https://api.jup.ag/price/v3?ids=hHFXWyo4ee4wv8QatmtVWuoF1wQ5wZxWmHLpJN9pump
[LiveDataSource] price lookup failed for 5HpRYgfmAvwGkJNHmw35bdNaFLqLnEHSauRUwVvspump: 429 Client Error: Too Many Requests for url: https://api.jup.ag/price/v3?ids=5HpRYgfmAvwGkJNHmw35bdNaFLqLnEHSauRUwVvspump
[LiveDataSource] price lookup failed for hHFXWyo4ee4wv8QatmtVWuoF1wQ5wZxWmHLpJN9pump: 429 Client Error: Too Many Requests for url: https://api.jup.ag/price/v3?ids=hHFXWyo4ee4wv8QatmtVWuoF1wQ5wZxWmHLpJN9pump
[LiveDataSource] price lookup failed for 5HpRYgfmAvwGkJNHmw35bdNaFLqLnEHSauRUwVvspump: 429 Client Error: Too Many Requests for url: https://api.jup.ag/price/v3?ids=5HpRYgfmAvwGkJNHmw35bdNaFLqLnEHSauRUwVvspump
[LiveDataSource] price lookup failed for hHFXWyo4ee4wv8QatmtVWuoF1wQ5wZxWmHLpJN9pump: 429 Client Error: Too Many Requests for url: https://api.jup.ag/price/v3?ids=hHFXWyo4ee4wv8QatmtVWuoF1wQ5wZxWmHLpJN9pump
[LiveDataSource] price lookup failed for 5HpRYgfmAvwGkJNHmw35bdNaFLqLnEHSauRUwVvspump: 429 Client Error: Too Many Requests for url: https://api.jup.ag/price/v3?ids=5HpRYgfmAvwGkJNHmw35bdNaFLqLnEHSauRUwVvspump
[LiveDataSource] price lookup failed for hHFXWyo4ee4wv8QatmtVWuoF1wQ5wZxWmHLpJN9pump: 429 Client Error: Too Many Requests for url: https://api.jup.ag/price/v3?ids=hHFXWyo4ee4wv8QatmtVWuoF1wQ5wZxWmHLpJN9pump
[LiveDataSource] price lookup failed for hHFXWyo4ee4wv8QatmtVWuoF1wQ5wZxWmHLpJN9pump: 429 Client Error: Too Many Requests for url: https://api.jup.ag/price/v3?ids=hHFXWyo4ee4wv8QatmtVWuoF1wQ5wZxWmHLpJN9pump
[LiveDataSource] price lookup failed for 5HpRYgfmAvwGkJNHmw35bdNaFLqLnEHSauRUwVvspump: 429 Client Error: Too Many Requests for url: https://api.jup.ag/price/v3?ids=5HpRYgfmAvwGkJNHmw35bdNaFLqLnEHSauRUwVvspump
[LiveDataSource] price lookup failed for 5HpRYgfmAvwGkJNHmw35bdNaFLqLnEHSauRUwVvspump: 429 Client Error: Too Many Requests for url: https://api.jup.ag/price/v3?ids=5HpRYgfmAvwGkJNHmw35bdNaFLqLnEHSauRUwVvspump
[LiveDataSource] price lookup failed for hHFXWyo4ee4wv8QatmtVWuoF1wQ5wZxWmHLpJN9pump: 429 Client Error: Too Many Requests for url: https://api.jup.ag/price/v3?ids=hHFXWyo4ee4wv8QatmtVWuoF1wQ5wZxWmHLpJN9pump
[LiveDataSource] price lookup failed for 5HpRYgfmAvwGkJNHmw35bdNaFLqLnEHSauRUwVvspump: 429 Client Error: Too Many Requests for url: https://api.jup.ag/price/v3?ids=5HpRYgfmAvwGkJNHmw35bdNaFLqLnEHSauRUwVvspump
[LiveDataSource] price lookup failed for hHFXWyo4ee4wv8QatmtVWuoF1wQ5wZxWmHLpJN9pump: 429 Client Error: Too Many Requests for url: https://api.jup.ag/price/v3?ids=hHFXWyo4ee4wv8QatmtVWuoF1wQ5wZxWmHLpJN9pump
[LiveDataSource] price lookup failed for hHFXWyo4ee4wv8QatmtVWuoF1wQ5wZxWmHLpJN9pump: 429 Client Error: Too Many Requests for url: https://api.jup.ag/price/v3?ids=hHFXWyo4ee4wv8QatmtVWuoF1wQ5wZxWmHLpJN9pump
[LiveDataSource] price lookup failed for 8yDE5sGg22uNRZ7qYJUuRGWLrV1Ru2DLio8WjYkpump: 429 Client Error: Too Many Requests for url: https://api.jup.ag/price/v3?ids=8yDE5sGg22uNRZ7qYJUuRGWLrV1Ru2DLio8WjYkpump
[LiveDataSource] price lookup failed for ddS9zJDMjcbCtcc3sraBzMKyjT8QmKdqf36CHPVpump: 429 Client Error: Too Many Requests for url: https://api.jup.ag/price/v3?ids=ddS9zJDMjcbCtcc3sraBzMKyjT8QmKdqf36CHPVpump
[LiveDataSource] price lookup failed for ddS9zJDMjcbCtcc3sraBzMKyjT8QmKdqf36CHPVpump: 429 Client Error: Too Many Requests for url: https://api.jup.ag/price/v3?ids=ddS9zJDMjcbCtcc3sraBzMKyjT8QmKdqf36CHPVpump
[LiveDataSource] price lookup failed for 68nM7H8ntVSv6rBQJgb15Bm7PSoyTrW3zpdAqFPRpump: 429 Client Error: Too Many Requests for url: https://api.jup.ag/price/v3?ids=68nM7H8ntVSv6rBQJgb15Bm7PSoyTrW3zpdAqFPRpump
[LiveDataSource] price lookup failed for 68nM7H8ntVSv6rBQJgb15Bm7PSoyTrW3zpdAqFPRpump: 429 Client Error: Too Many Requests for url: https://api.jup.ag/price/v3?ids=68nM7H8ntVSv6rBQJgb15Bm7PSoyTrW3zpdAqFPRpump
[LiveDataSource] price lookup failed for cvubF4ANKDMiiFG6EYtKBUyy8gQVHToZMBgDPTRpump: 429 Client Error: Too Many Requests for url: https://api.jup.ag/price/v3?ids=cvubF4ANKDMiiFG6EYtKBUyy8gQVHToZMBgDPTRpump
[LiveDataSource] price lookup failed for cvubF4ANKDMiiFG6EYtKBUyy8gQVHToZMBgDPTRpump: 429 Client Error: Too Many Requests for url: https://api.jup.ag/price/v3?ids=cvubF4ANKDMiiFG6EYtKBUyy8gQVHToZMBgDPTRpump
[LiveDataSource] price lookup failed for 4NSPwa7f4pfsBwm5KxzAspV5XsB8mQ2NJCQ6knedpump: 429 Client Error: Too Many Requests for url: https://api.jup.ag/price/v3?ids=4NSPwa7f4pfsBwm5KxzAspV5XsB8mQ2NJCQ6knedpump
[LiveDataSource] price lookup failed for 4NSPwa7f4pfsBwm5KxzAspV5XsB8mQ2NJCQ6knedpump: 429 Client Error: Too Many Requests for url: https://api.jup.ag/price/v3?ids=4NSPwa7f4pfsBwm5KxzAspV5XsB8mQ2NJCQ6knedpump
[LiveDataSource] price lookup failed for cvubF4ANKDMiiFG6EYtKBUyy8gQVHToZMBgDPTRpump: 429 Client Error: Too Many Requests for url: https://api.jup.ag/price/v3?ids=cvubF4ANKDMiiFG6EYtKBUyy8gQVHToZMBgDPTRpump
[LiveDataSource] price lookup failed for 4NSPwa7f4pfsBwm5KxzAspV5XsB8mQ2NJCQ6knedpump: 429 Client Error: Too Many Requests for url: https://api.jup.ag/price/v3?ids=4NSPwa7f4pfsBwm5KxzAspV5XsB8mQ2NJCQ6knedpump
[LiveDataSource] price lookup failed for 4NSPwa7f4pfsBwm5KxzAspV5XsB8mQ2NJCQ6knedpump: 429 Client Error: Too Many Requests for url: https://api.jup.ag/price/v3?ids=4NSPwa7f4pfsBwm5KxzAspV5XsB8mQ2NJCQ6knedpump
[LiveDataSource] price lookup failed for 4NSPwa7f4pfsBwm5KxzAspV5XsB8mQ2NJCQ6knedpump: 429 Client Error: Too Many Requests for url: https://api.jup.ag/price/v3?ids=4NSPwa7f4pfsBwm5KxzAspV5XsB8mQ2NJCQ6knedpump
[LiveDataSource] price lookup failed for 4NSPwa7f4pfsBwm5KxzAspV5XsB8mQ2NJCQ6knedpump: 429 Client Error: Too Many Requests for url: https://api.jup.ag/price/v3?ids=4NSPwa7f4pfsBwm5KxzAspV5XsB8mQ2NJCQ6knedpump
[LiveDataSource] price lookup failed for cvubF4ANKDMiiFG6EYtKBUyy8gQVHToZMBgDPTRpump: 429 Client Error: Too Many Requests for url: https://api.jup.ag/price/v3?ids=cvubF4ANKDMiiFG6EYtKBUyy8gQVHToZMBgDPTRpump
[LiveDataSource] price lookup failed for cvubF4ANKDMiiFG6EYtKBUyy8gQVHToZMBgDPTRpump: 429 Client Error: Too Many Requests for url: https://api.jup.ag/price/v3?ids=cvubF4ANKDMiiFG6EYtKBUyy8gQVHToZMBgDPTRpump
[LiveDataSource] price lookup failed for cvubF4ANKDMiiFG6EYtKBUyy8gQVHToZMBgDPTRpump: 429 Client Error: Too Many Requests for url: https://api.jup.ag/price/v3?ids=cvubF4ANKDMiiFG6EYtKBUyy8gQVHToZMBgDPTRpump
[LiveDataSource] price lookup failed for 4NSPwa7f4pfsBwm5KxzAspV5XsB8mQ2NJCQ6knedpump: 429 Client Error: Too Many Requests for url: https://api.jup.ag/price/v3?ids=4NSPwa7f4pfsBwm5KxzAspV5XsB8mQ2NJCQ6knedpump
[LiveDataSource] price lookup failed for ddS9zJDMjcbCtcc3sraBzMKyjT8QmKdqf36CHPVpump: 429 Client Error: Too Many Requests for url: https://api.jup.ag/price/v3?ids=ddS9zJDMjcbCtcc3sraBzMKyjT8QmKdqf36CHPVpump
[LiveDataSource] price lookup failed for 4NSPwa7f4pfsBwm5KxzAspV5XsB8mQ2NJCQ6knedpump: 429 Client Error: Too Many Requests for url: https://api.jup.ag/price/v3?ids=4NSPwa7f4pfsBwm5KxzAspV5XsB8mQ2NJCQ6knedpump
[LiveDataSource] price lookup failed for cvubF4ANKDMiiFG6EYtKBUyy8gQVHToZMBgDPTRpump: 429 Client Error: Too Many Requests for url: https://api.jup.ag/price/v3?ids=cvubF4ANKDMiiFG6EYtKBUyy8gQVHToZMBgDPTRpump
[LiveDataSource] price lookup failed for 4NSPwa7f4pfsBwm5KxzAspV5XsB8mQ2NJCQ6knedpump: 429 Client Error: Too Many Requests for url: https://api.jup.ag/price/v3?ids=4NSPwa7f4pfsBwm5KxzAspV5XsB8mQ2NJCQ6knedpump
[LiveDataSource] price lookup failed for 95qZ1cob2wMBAuRWWRzMGnGXKs3nQFtoyGXWDbsupump: 429 Client Error: Too Many Requests for url: https://api.jup.ag/price/v3?ids=95qZ1cob2wMBAuRWWRzMGnGXKs3nQFtoyGXWDbsupump
[LiveDataSource] price lookup failed for 95qZ1cob2wMBAuRWWRzMGnGXKs3nQFtoyGXWDbsupump: 429 Client Error: Too Many Requests for url: https://api.jup.ag/price/v3?ids=95qZ1cob2wMBAuRWWRzMGnGXKs3nQFtoyGXWDbsupump
[LiveDataSource] price lookup failed for cvubF4ANKDMiiFG6EYtKBUyy8gQVHToZMBgDPTRpump: 429 Client Error: Too Many Requests for url: https://api.jup.ag/price/v3?ids=cvubF4ANKDMiiFG6EYtKBUyy8gQVHToZMBgDPTRpump
[LiveDataSource] price lookup failed for 9T1cYcjtXH2BUZCh2qHjoEax6h34ueh6r5QAsBKfeDjZ: 429 Client Error: Too Many Requests for url: https://api.jup.ag/price/v3?ids=9T1cYcjtXH2BUZCh2qHjoEax6h34ueh6r5QAsBKfeDjZ
[LiveDataSource] price lookup failed for cvubF4ANKDMiiFG6EYtKBUyy8gQVHToZMBgDPTRpump: 429 Client Error: Too Many Requests for url: https://api.jup.ag/price/v3?ids=cvubF4ANKDMiiFG6EYtKBUyy8gQVHToZMBgDPTRpump
[LiveDataSource] price lookup failed for 9T1cYcjtXH2BUZCh2qHjoEax6h34ueh6r5QAsBKfeDjZ: 429 Client Error: Too Many Requests for url: https://api.jup.ag/price/v3?ids=9T1cYcjtXH2BUZCh2qHjoEax6h34ueh6r5QAsBKfeDjZ
[LiveDataSource] price lookup failed for cvubF4ANKDMiiFG6EYtKBUyy8gQVHToZMBgDPTRpump: 429 Client Error: Too Many Requests for url: https://api.jup.ag/price/v3?ids=cvubF4ANKDMiiFG6EYtKBUyy8gQVHToZMBgDPTRpump
[LiveDataSource] price lookup failed for t2f1UzZjXtDnLA1op7fZ588gJs2kvbcFTqGpT6bpump: 429 Client Error: Too Many Requests for url: https://api.jup.ag/price/v3?ids=t2f1UzZjXtDnLA1op7fZ588gJs2kvbcFTqGpT6bpump
[LiveDataSource] price lookup failed for t2f1UzZjXtDnLA1op7fZ588gJs2kvbcFTqGpT6bpump: 429 Client Error: Too Many Requests for url: https://api.jup.ag/price/v3?ids=t2f1UzZjXtDnLA1op7fZ588gJs2kvbcFTqGpT6bpump
[LiveDataSource] price lookup failed for cvubF4ANKDMiiFG6EYtKBUyy8gQVHToZMBgDPTRpump: 429 Client Error: Too Many Requests for url: https://api.jup.ag/price/v3?ids=cvubF4ANKDMiiFG6EYtKBUyy8gQVHToZMBgDPTRpump
[LiveDataSource] price lookup failed for t2f1UzZjXtDnLA1op7fZ588gJs2kvbcFTqGpT6bpump: 429 Client Error: Too Many Requests for url: https://api.jup.ag/price/v3?ids=t2f1UzZjXtDnLA1op7fZ588gJs2kvbcFTqGpT6bpump
[LiveDataSource] price lookup failed for 4s7AHDNfagMwpghm5FTi1F8Tffwv6NSXj3y6sMh3pump: 429 Client Error: Too Many Requests for url: https://api.jup.ag/price/v3?ids=4s7AHDNfagMwpghm5FTi1F8Tffwv6NSXj3y6sMh3pump
[LiveDataSource] price lookup failed for 4s7AHDNfagMwpghm5FTi1F8Tffwv6NSXj3y6sMh3pump: 429 Client Error: Too Many Requests for url: https://api.jup.ag/price/v3?ids=4s7AHDNfagMwpghm5FTi1F8Tffwv6NSXj3y6sMh3pump
[LiveDataSource] price lookup failed for 8TUMEvEy5hLBGr4b2PjQWEGGJ1iZbZUGPGcmWPs2pump: 429 Client Error: Too Many Requests for url: https://api.jup.ag/price/v3?ids=8TUMEvEy5hLBGr4b2PjQWEGGJ1iZbZUGPGcmWPs2pump
[LiveDataSource] price lookup failed for Nb9EkTuSzrjNcfDWuXzRDtaPbr72etqWHWZxtXipump: 429 Client Error: Too Many Requests for url: https://api.jup.ag/price/v3?ids=Nb9EkTuSzrjNcfDWuXzRDtaPbr72etqWHWZxtXipump
[LiveDataSource] price lookup failed for 8TUMEvEy5hLBGr4b2PjQWEGGJ1iZbZUGPGcmWPs2pump: 429 Client Error: Too Many Requests for url: https://api.jup.ag/price/v3?ids=8TUMEvEy5hLBGr4b2PjQWEGGJ1iZbZUGPGcmWPs2pump
[LiveDataSource] price lookup failed for Nb9EkTuSzrjNcfDWuXzRDtaPbr72etqWHWZxtXipump: 429 Client Error: Too Many Requests for url: https://api.jup.ag/price/v3?ids=Nb9EkTuSzrjNcfDWuXzRDtaPbr72etqWHWZxtXipump
[LiveDataSource] price lookup failed for 8TUMEvEy5hLBGr4b2PjQWEGGJ1iZbZUGPGcmWPs2pump: 429 Client Error: Too Many Requests for url: https://api.jup.ag/price/v3?ids=8TUMEvEy5hLBGr4b2PjQWEGGJ1iZbZUGPGcmWPs2pump
[LiveDataSource] price lookup failed for Nb9EkTuSzrjNcfDWuXzRDtaPbr72etqWHWZxtXipump: 429 Client Error: Too Many Requests for url: https://api.jup.ag/price/v3?ids=Nb9EkTuSzrjNcfDWuXzRDtaPbr72etqWHWZxtXipump
[LiveDataSource] price lookup failed for Nb9EkTuSzrjNcfDWuXzRDtaPbr72etqWHWZxtXipump: 429 Client Error: Too Many Requests for url: https://api.jup.ag/price/v3?ids=Nb9EkTuSzrjNcfDWuXzRDtaPbr72etqWHWZxtXipump
[LiveDataSource] price lookup failed for 8TUMEvEy5hLBGr4b2PjQWEGGJ1iZbZUGPGcmWPs2pump: 429 Client Error: Too Many Requests for url: https://api.jup.ag/price/v3?ids=8TUMEvEy5hLBGr4b2PjQWEGGJ1iZbZUGPGcmWPs2pump
[LiveDataSource] price lookup failed for Nb9EkTuSzrjNcfDWuXzRDtaPbr72etqWHWZxtXipump: 429 Client Error: Too Many Requests for url: https://api.jup.ag/price/v3?ids=Nb9EkTuSzrjNcfDWuXzRDtaPbr72etqWHWZxtXipump
[LiveDataSource] price lookup failed for 8TUMEvEy5hLBGr4b2PjQWEGGJ1iZbZUGPGcmWPs2pump: 429 Client Error: Too Many Requests for url: https://api.jup.ag/price/v3?ids=8TUMEvEy5hLBGr4b2PjQWEGGJ1iZbZUGPGcmWPs2pump
[LiveDataSource] price lookup failed for 5XXJ5QT11Kz2Ke7kEUG7HMbmkzL9e95JWzTS2thWpump: 429 Client Error: Too Many Requests for url: https://api.jup.ag/price/v3?ids=5XXJ5QT11Kz2Ke7kEUG7HMbmkzL9e95JWzTS2thWpump
[LiveDataSource] price lookup failed for k9hFeB7x9FKEFnshAtmTFVWVASNSzeq6yGpaeeJpump: 429 Client Error: Too Many Requests for url: https://api.jup.ag/price/v3?ids=k9hFeB7x9FKEFnshAtmTFVWVASNSzeq6yGpaeeJpump
[LiveDataSource] price lookup failed for 8TUMEvEy5hLBGr4b2PjQWEGGJ1iZbZUGPGcmWPs2pump: 429 Client Error: Too Many Requests for url: https://api.jup.ag/price/v3?ids=8TUMEvEy5hLBGr4b2PjQWEGGJ1iZbZUGPGcmWPs2pump
[LiveDataSource] price lookup failed for 7DSPSmBfSi42Jvo4zfaDeMXK6Rk4mwWyoRSjJcxppump: 429 Client Error: Too Many Requests for url: https://api.jup.ag/price/v3?ids=7DSPSmBfSi42Jvo4zfaDeMXK6Rk4mwWyoRSjJcxppump
[LiveDataSource] price lookup failed for 7DSPSmBfSi42Jvo4zfaDeMXK6Rk4mwWyoRSjJcxppump: 429 Client Error: Too Many Requests for url: https://api.jup.ag/price/v3?ids=7DSPSmBfSi42Jvo4zfaDeMXK6Rk4mwWyoRSjJcxppump
[LiveDataSource] price lookup failed for k9hFeB7x9FKEFnshAtmTFVWVASNSzeq6yGpaeeJpump: 429 Client Error: Too Many Requests for url: https://api.jup.ag/price/v3?ids=k9hFeB7x9FKEFnshAtmTFVWVASNSzeq6yGpaeeJpump
[LiveDataSource] price lookup failed for BtAPsMPDbryKqW7ko8m1pgksHbM6Ys2FQYfccMVgpump: 429 Client Error: Too Many Requests for url: https://api.jup.ag/price/v3?ids=BtAPsMPDbryKqW7ko8m1pgksHbM6Ys2FQYfccMVgpump
[LiveDataSource] price lookup failed for 8TUMEvEy5hLBGr4b2PjQWEGGJ1iZbZUGPGcmWPs2pump: 429 Client Error: Too Many Requests for url: https://api.jup.ag/price/v3?ids=8TUMEvEy5hLBGr4b2PjQWEGGJ1iZbZUGPGcmWPs2pump
[LiveDataSource] price lookup failed for BtAPsMPDbryKqW7ko8m1pgksHbM6Ys2FQYfccMVgpump: 429 Client Error: Too Many Requests for url: https://api.jup.ag/price/v3?ids=BtAPsMPDbryKqW7ko8m1pgksHbM6Ys2FQYfccMVgpump
[LiveDataSource] price lookup failed for k9hFeB7x9FKEFnshAtmTFVWVASNSzeq6yGpaeeJpump: 429 Client Error: Too Many Requests for url: https://api.jup.ag/price/v3?ids=k9hFeB7x9FKEFnshAtmTFVWVASNSzeq6yGpaeeJpump
[LiveDataSource] price lookup failed for 8TUMEvEy5hLBGr4b2PjQWEGGJ1iZbZUGPGcmWPs2pump: 429 Client Error: Too Many Requests for url: https://api.jup.ag/price/v3?ids=8TUMEvEy5hLBGr4b2PjQWEGGJ1iZbZUGPGcmWPs2pump
[LiveDataSource] price lookup failed for BtAPsMPDbryKqW7ko8m1pgksHbM6Ys2FQYfccMVgpump: 429 Client Error: Too Many Requests for url: https://api.jup.ag/price/v3?ids=BtAPsMPDbryKqW7ko8m1pgksHbM6Ys2FQYfccMVgpump
[LiveDataSource] price lookup failed for 8TUMEvEy5hLBGr4b2PjQWEGGJ1iZbZUGPGcmWPs2pump: 429 Client Error: Too Many Requests for url: https://api.jup.ag/price/v3?ids=8TUMEvEy5hLBGr4b2PjQWEGGJ1iZbZUGPGcmWPs2pump
[LiveDataSource] price lookup failed for BtAPsMPDbryKqW7ko8m1pgksHbM6Ys2FQYfccMVgpump: 429 Client Error: Too Many Requests for url: https://api.jup.ag/price/v3?ids=BtAPsMPDbryKqW7ko8m1pgksHbM6Ys2FQYfccMVgpump
[LiveDataSource] price lookup failed for DU4L2Howwos3U4YSDroeUot9RKDrfkZTzbRQ6kCvpump: 429 Client Error: Too Many Requests for url: https://api.jup.ag/price/v3?ids=DU4L2Howwos3U4YSDroeUot9RKDrfkZTzbRQ6kCvpump
[LiveDataSource] price lookup failed for DU4L2Howwos3U4YSDroeUot9RKDrfkZTzbRQ6kCvpump: 429 Client Error: Too Many Requests for url: https://api.jup.ag/price/v3?ids=DU4L2Howwos3U4YSDroeUot9RKDrfkZTzbRQ6kCvpump
[LiveDataSource] price lookup failed for k9hFeB7x9FKEFnshAtmTFVWVASNSzeq6yGpaeeJpump: 429 Client Error: Too Many Requests for url: https://api.jup.ag/price/v3?ids=k9hFeB7x9FKEFnshAtmTFVWVASNSzeq6yGpaeeJpump
[LiveDataSource] price lookup failed for 8TUMEvEy5hLBGr4b2PjQWEGGJ1iZbZUGPGcmWPs2pump: 429 Client Error: Too Many Requests for url: https://api.jup.ag/price/v3?ids=8TUMEvEy5hLBGr4b2PjQWEGGJ1iZbZUGPGcmWPs2pump
[LiveDataSource] price lookup failed for DU4L2Howwos3U4YSDroeUot9RKDrfkZTzbRQ6kCvpump: 429 Client Error: Too Many Requests for url: https://api.jup.ag/price/v3?ids=DU4L2Howwos3U4YSDroeUot9RKDrfkZTzbRQ6kCvpump
[LiveDataSource] price lookup failed for k9hFeB7x9FKEFnshAtmTFVWVASNSzeq6yGpaeeJpump: 429 Client Error: Too Many Requests for url: https://api.jup.ag/price/v3?ids=k9hFeB7x9FKEFnshAtmTFVWVASNSzeq6yGpaeeJpump
[LiveDataSource] price lookup failed for 8TUMEvEy5hLBGr4b2PjQWEGGJ1iZbZUGPGcmWPs2pump: 429 Client Error: Too Many Requests for url: https://api.jup.ag/price/v3?ids=8TUMEvEy5hLBGr4b2PjQWEGGJ1iZbZUGPGcmWPs2pump
[LiveDataSource] price lookup failed for DU4L2Howwos3U4YSDroeUot9RKDrfkZTzbRQ6kCvpump: 429 Client Error: Too Many Requests for url: https://api.jup.ag/price/v3?ids=DU4L2Howwos3U4YSDroeUot9RKDrfkZTzbRQ6kCvpump
[LiveDataSource] price lookup failed for k9hFeB7x9FKEFnshAtmTFVWVASNSzeq6yGpaeeJpump: 429 Client Error: Too Many Requests for url: https://api.jup.ag/price/v3?ids=k9hFeB7x9FKEFnshAtmTFVWVASNSzeq6yGpaeeJpump
[LiveDataSource] price lookup failed for 8TUMEvEy5hLBGr4b2PjQWEGGJ1iZbZUGPGcmWPs2pump: 429 Client Error: Too Many Requests for url: https://api.jup.ag/price/v3?ids=8TUMEvEy5hLBGr4b2PjQWEGGJ1iZbZUGPGcmWPs2pump
[LiveDataSource] price lookup failed for DU4L2Howwos3U4YSDroeUot9RKDrfkZTzbRQ6kCvpump: 429 Client Error: Too Many Requests for url: https://api.jup.ag/price/v3?ids=DU4L2Howwos3U4YSDroeUot9RKDrfkZTzbRQ6kCvpump
[LiveDataSource] price lookup failed for wZSEFkgD33i7jn95mvwwT6YduJ8JHmh6JcEfbhnpump: 429 Client Error: Too Many Requests for url: https://api.jup.ag/price/v3?ids=wZSEFkgD33i7jn95mvwwT6YduJ8JHmh6JcEfbhnpump
[LiveDataSource] price lookup failed for B8VYVhWaB9RMkN1iptxwDrTqeN3zCQp8RBKojZxTpump: 429 Client Error: Too Many Requests for url: https://api.jup.ag/price/v3?ids=B8VYVhWaB9RMkN1iptxwDrTqeN3zCQp8RBKojZxTpump
[LiveDataSource] price lookup failed for 8TUMEvEy5hLBGr4b2PjQWEGGJ1iZbZUGPGcmWPs2pump: 429 Client Error: Too Many Requests for url: https://api.jup.ag/price/v3?ids=8TUMEvEy5hLBGr4b2PjQWEGGJ1iZbZUGPGcmWPs2pump
[LiveDataSource] price lookup failed for wZSEFkgD33i7jn95mvwwT6YduJ8JHmh6JcEfbhnpump: 429 Client Error: Too Many Requests for url: https://api.jup.ag/price/v3?ids=wZSEFkgD33i7jn95mvwwT6YduJ8JHmh6JcEfbhnpump
[LiveDataSource] price lookup failed for B8VYVhWaB9RMkN1iptxwDrTqeN3zCQp8RBKojZxTpump: 429 Client Error: Too Many Requests for url: https://api.jup.ag/price/v3?ids=B8VYVhWaB9RMkN1iptxwDrTqeN3zCQp8RBKojZxTpump
[LiveDataSource] price lookup failed for 8TUMEvEy5hLBGr4b2PjQWEGGJ1iZbZUGPGcmWPs2pump: 429 Client Error: Too Many Requests for url: https://api.jup.ag/price/v3?ids=8TUMEvEy5hLBGr4b2PjQWEGGJ1iZbZUGPGcmWPs2pump
[LiveDataSource] price lookup failed for wZSEFkgD33i7jn95mvwwT6YduJ8JHmh6JcEfbhnpump: 429 Client Error: Too Many Requests for url: https://api.jup.ag/price/v3?ids=wZSEFkgD33i7jn95mvwwT6YduJ8JHmh6JcEfbhnpump
[LiveDataSource] price lookup failed for wZSEFkgD33i7jn95mvwwT6YduJ8JHmh6JcEfbhnpump: 429 Client Error: Too Many Requests for url: https://api.jup.ag/price/v3?ids=wZSEFkgD33i7jn95mvwwT6YduJ8JHmh6JcEfbhnpump
[LiveDataSource] price lookup failed for B8VYVhWaB9RMkN1iptxwDrTqeN3zCQp8RBKojZxTpump: 429 Client Error: Too Many Requests for url: https://api.jup.ag/price/v3?ids=B8VYVhWaB9RMkN1iptxwDrTqeN3zCQp8RBKojZxTpump
[LiveDataSource] price lookup failed for 6BuqqTRhBAGGzDqeVSP3YnEEyfK8EJ4tGnz7iD72pump: 429 Client Error: Too Many Requests for url: https://api.jup.ag/price/v3?ids=6BuqqTRhBAGGzDqeVSP3YnEEyfK8EJ4tGnz7iD72pump
[LiveDataSource] price lookup failed for hwbbGmQNpio9m5Ug9yEmiUzjEZkTVzh2N1ikpGBpump: 429 Client Error: Too Many Requests for url: https://api.jup.ag/price/v3?ids=hwbbGmQNpio9m5Ug9yEmiUzjEZkTVzh2N1ikpGBpump
[LiveDataSource] price lookup failed for hwbbGmQNpio9m5Ug9yEmiUzjEZkTVzh2N1ikpGBpump: 429 Client Error: Too Many Requests for url: https://api.jup.ag/price/v3?ids=hwbbGmQNpio9m5Ug9yEmiUzjEZkTVzh2N1ikpGBpump
[LiveDataSource] price lookup failed for 6BuqqTRhBAGGzDqeVSP3YnEEyfK8EJ4tGnz7iD72pump: 429 Client Error: Too Many Requests for url: https://api.jup.ag/price/v3?ids=6BuqqTRhBAGGzDqeVSP3YnEEyfK8EJ4tGnz7iD72pump
[LiveDataSource] price lookup failed for hwbbGmQNpio9m5Ug9yEmiUzjEZkTVzh2N1ikpGBpump: 429 Client Error: Too Many Requests for url: https://api.jup.ag/price/v3?ids=hwbbGmQNpio9m5Ug9yEmiUzjEZkTVzh2N1ikpGBpump
[LiveDataSource] price lookup failed for wZSEFkgD33i7jn95mvwwT6YduJ8JHmh6JcEfbhnpump: 429 Client Error: Too Many Requests for url: https://api.jup.ag/price/v3?ids=wZSEFkgD33i7jn95mvwwT6YduJ8JHmh6JcEfbhnpump
[LiveDataSource] price lookup failed for 6BuqqTRhBAGGzDqeVSP3YnEEyfK8EJ4tGnz7iD72pump: 429 Client Error: Too Many Requests for url: https://api.jup.ag/price/v3?ids=6BuqqTRhBAGGzDqeVSP3YnEEyfK8EJ4tGnz7iD72pump
[LiveDataSource] price lookup failed for hwbbGmQNpio9m5Ug9yEmiUzjEZkTVzh2N1ikpGBpump: 429 Client Error: Too Many Requests for url: https://api.jup.ag/price/v3?ids=hwbbGmQNpio9m5Ug9yEmiUzjEZkTVzh2N1ikpGBpump
[LiveDataSource] price lookup failed for EpgCAWwATyXZkqHgvtsv9rUmHByuTr5sXfufaXMpump: 429 Client Error: Too Many Requests for url: https://api.jup.ag/price/v3?ids=EpgCAWwATyXZkqHgvtsv9rUmHByuTr5sXfufaXMpump
[LiveDataSource] price lookup failed for hwbbGmQNpio9m5Ug9yEmiUzjEZkTVzh2N1ikpGBpump: 429 Client Error: Too Many Requests for url: https://api.jup.ag/price/v3?ids=hwbbGmQNpio9m5Ug9yEmiUzjEZkTVzh2N1ikpGBpump
[LiveDataSource] price lookup failed for EpgCAWwATyXZkqHgvtsv9rUmHByuTr5sXfufaXMpump: 429 Client Error: Too Many Requests for url: https://api.jup.ag/price/v3?ids=EpgCAWwATyXZkqHgvtsv9rUmHByuTr5sXfufaXMpump
[LiveDataSource] price lookup failed for hwbbGmQNpio9m5Ug9yEmiUzjEZkTVzh2N1ikpGBpump: 429 Client Error: Too Many Requests for url: https://api.jup.ag/price/v3?ids=hwbbGmQNpio9m5Ug9yEmiUzjEZkTVzh2N1ikpGBpump
[LiveDataSource] price lookup failed for EpgCAWwATyXZkqHgvtsv9rUmHByuTr5sXfufaXMpump: 429 Client Error: Too Many Requests for url: https://api.jup.ag/price/v3?ids=EpgCAWwATyXZkqHgvtsv9rUmHByuTr5sXfufaXMpump
[LiveDataSource] price lookup failed for hwbbGmQNpio9m5Ug9yEmiUzjEZkTVzh2N1ikpGBpump: 429 Client Error: Too Many Requests for url: https://api.jup.ag/price/v3?ids=hwbbGmQNpio9m5Ug9yEmiUzjEZkTVzh2N1ikpGBpump
[LiveDataSource] price lookup failed for EpgCAWwATyXZkqHgvtsv9rUmHByuTr5sXfufaXMpump: 429 Client Error: Too Many Requests for url: https://api.jup.ag/price/v3?ids=EpgCAWwATyXZkqHgvtsv9rUmHByuTr5sXfufaXMpump
[LiveDataSource] price lookup failed for hwbbGmQNpio9m5Ug9yEmiUzjEZkTVzh2N1ikpGBpump: 429 Client Error: Too Many Requests for url: https://api.jup.ag/price/v3?ids=hwbbGmQNpio9m5Ug9yEmiUzjEZkTVzh2N1ikpGBpump
[LiveDataSource] price lookup failed for EpgCAWwATyXZkqHgvtsv9rUmHByuTr5sXfufaXMpump: 429 Client Error: Too Many Requests for url: https://api.jup.ag/price/v3?ids=EpgCAWwATyXZkqHgvtsv9rUmHByuTr5sXfufaXMpump
[LiveDataSource] price lookup failed for EpgCAWwATyXZkqHgvtsv9rUmHByuTr5sXfufaXMpump: 429 Client Error: Too Many Requests for url: https://api.jup.ag/price/v3?ids=EpgCAWwATyXZkqHgvtsv9rUmHByuTr5sXfufaXMpump
[LiveDataSource] price lookup failed for EpgCAWwATyXZkqHgvtsv9rUmHByuTr5sXfufaXMpump: 429 Client Error: Too Many Requests for url: https://api.jup.ag/price/v3?ids=EpgCAWwATyXZkqHgvtsv9rUmHByuTr5sXfufaXMpump
[LiveDataSource] price lookup failed for w3dYCLYpUHFiZxbgXGaH9stnREEjk7Ms6JupWsTpump: 429 Client Error: Too Many Requests for url: https://api.jup.ag/price/v3?ids=w3dYCLYpUHFiZxbgXGaH9stnREEjk7Ms6JupWsTpump
[LiveDataSource] price lookup failed for EpgCAWwATyXZkqHgvtsv9rUmHByuTr5sXfufaXMpump: 429 Client Error: Too Many Requests for url: https://api.jup.ag/price/v3?ids=EpgCAWwATyXZkqHgvtsv9rUmHByuTr5sXfufaXMpump
[LiveDataSource] price lookup failed for w3dYCLYpUHFiZxbgXGaH9stnREEjk7Ms6JupWsTpump: 429 Client Error: Too Many Requests for url: https://api.jup.ag/price/v3?ids=w3dYCLYpUHFiZxbgXGaH9stnREEjk7Ms6JupWsTpump
[LiveDataSource] price lookup failed for w3dYCLYpUHFiZxbgXGaH9stnREEjk7Ms6JupWsTpump: 429 Client Error: Too Many Requests for url: https://api.jup.ag/price/v3?ids=w3dYCLYpUHFiZxbgXGaH9stnREEjk7Ms6JupWsTpump
[LiveDataSource] price lookup failed for EpgCAWwATyXZkqHgvtsv9rUmHByuTr5sXfufaXMpump: 429 Client Error: Too Many Requests for url: https://api.jup.ag/price/v3?ids=EpgCAWwATyXZkqHgvtsv9rUmHByuTr5sXfufaXMpump
[LiveDataSource] price lookup failed for w3dYCLYpUHFiZxbgXGaH9stnREEjk7Ms6JupWsTpump: 429 Client Error: Too Many Requests for url: https://api.jup.ag/price/v3?ids=w3dYCLYpUHFiZxbgXGaH9stnREEjk7Ms6JupWsTpump
[LiveDataSource] price lookup failed for w3dYCLYpUHFiZxbgXGaH9stnREEjk7Ms6JupWsTpump: 429 Client Error: Too Many Requests for url: https://api.jup.ag/price/v3?ids=w3dYCLYpUHFiZxbgXGaH9stnREEjk7Ms6JupWsTpump
[LiveDataSource] price lookup failed for w3dYCLYpUHFiZxbgXGaH9stnREEjk7Ms6JupWsTpump: 429 Client Error: Too Many Requests for url: https://api.jup.ag/price/v3?ids=w3dYCLYpUHFiZxbgXGaH9stnREEjk7Ms6JupWsTpump
[LiveDataSource] price lookup failed for hwbbGmQNpio9m5Ug9yEmiUzjEZkTVzh2N1ikpGBpump: 429 Client Error: Too Many Requests for url: https://api.jup.ag/price/v3?ids=hwbbGmQNpio9m5Ug9yEmiUzjEZkTVzh2N1ikpGBpump
[LiveDataSource] price lookup failed for EpgCAWwATyXZkqHgvtsv9rUmHByuTr5sXfufaXMpump: 429 Client Error: Too Many Requests for url: https://api.jup.ag/price/v3?ids=EpgCAWwATyXZkqHgvtsv9rUmHByuTr5sXfufaXMpump
[LiveDataSource] price lookup failed for EpgCAWwATyXZkqHgvtsv9rUmHByuTr5sXfufaXMpump: 429 Client Error: Too Many Requests for url: https://api.jup.ag/price/v3?ids=EpgCAWwATyXZkqHgvtsv9rUmHByuTr5sXfufaXMpump
[LiveDataSource] price lookup failed for w3dYCLYpUHFiZxbgXGaH9stnREEjk7Ms6JupWsTpump: 429 Client Error: Too Many Requests for url: https://api.jup.ag/price/v3?ids=w3dYCLYpUHFiZxbgXGaH9stnREEjk7Ms6JupWsTpump
[LiveDataSource] price lookup failed for EpgCAWwATyXZkqHgvtsv9rUmHByuTr5sXfufaXMpump: 429 Client Error: Too Many Requests for url: https://api.jup.ag/price/v3?ids=EpgCAWwATyXZkqHgvtsv9rUmHByuTr5sXfufaXMpump
[LiveDataSource] price lookup failed for w3dYCLYpUHFiZxbgXGaH9stnREEjk7Ms6JupWsTpump: 429 Client Error: Too Many Requests for url: https://api.jup.ag/price/v3?ids=w3dYCLYpUHFiZxbgXGaH9stnREEjk7Ms6JupWsTpump
[LiveDataSource] price lookup failed for w3dYCLYpUHFiZxbgXGaH9stnREEjk7Ms6JupWsTpump: 429 Client Error: Too Many Requests for url: https://api.jup.ag/price/v3?ids=w3dYCLYpUHFiZxbgXGaH9stnREEjk7Ms6JupWsTpump
[LiveDataSource] price lookup failed for EpgCAWwATyXZkqHgvtsv9rUmHByuTr5sXfufaXMpump: 429 Client Error: Too Many Requests for url: https://api.jup.ag/price/v3?ids=EpgCAWwATyXZkqHgvtsv9rUmHByuTr5sXfufaXMpump
[LiveDataSource] price lookup failed for w3dYCLYpUHFiZxbgXGaH9stnREEjk7Ms6JupWsTpump: 429 Client Error: Too Many Requests for url: https://api.jup.ag/price/v3?ids=w3dYCLYpUHFiZxbgXGaH9stnREEjk7Ms6JupWsTpump
[LiveDataSource] price lookup failed for EpgCAWwATyXZkqHgvtsv9rUmHByuTr5sXfufaXMpump: 429 Client Error: Too Many Requests for url: https://api.jup.ag/price/v3?ids=EpgCAWwATyXZkqHgvtsv9rUmHByuTr5sXfufaXMpump
[LiveDataSource] price lookup failed for EpgCAWwATyXZkqHgvtsv9rUmHByuTr5sXfufaXMpump: 429 Client Error: Too Many Requests for url: https://api.jup.ag/price/v3?ids=EpgCAWwATyXZkqHgvtsv9rUmHByuTr5sXfufaXMpump
[LiveDataSource] price lookup failed for EpgCAWwATyXZkqHgvtsv9rUmHByuTr5sXfufaXMpump: 429 Client Error: Too Many Requests for url: https://api.jup.ag/price/v3?ids=EpgCAWwATyXZkqHgvtsv9rUmHByuTr5sXfufaXMpump
[LiveDataSource] price lookup failed for w3dYCLYpUHFiZxbgXGaH9stnREEjk7Ms6JupWsTpump: 429 Client Error: Too Many Requests for url: https://api.jup.ag/price/v3?ids=w3dYCLYpUHFiZxbgXGaH9stnREEjk7Ms6JupWsTpump
[LiveDataSource] price lookup failed for w3dYCLYpUHFiZxbgXGaH9stnREEjk7Ms6JupWsTpump: 429 Client Error: Too Many Requests for url: https://api.jup.ag/price/v3?ids=w3dYCLYpUHFiZxbgXGaH9stnREEjk7Ms6JupWsTpump
[LiveDataSource] price lookup failed for EpgCAWwATyXZkqHgvtsv9rUmHByuTr5sXfufaXMpump: 429 Client Error: Too Many Requests for url: https://api.jup.ag/price/v3?ids=EpgCAWwATyXZkqHgvtsv9rUmHByuTr5sXfufaXMpump
[LiveDataSource] price lookup failed for w3dYCLYpUHFiZxbgXGaH9stnREEjk7Ms6JupWsTpump: 429 Client Error: Too Many Requests for url: https://api.jup.ag/price/v3?ids=w3dYCLYpUHFiZxbgXGaH9stnREEjk7Ms6JupWsTpump
[LiveDataSource] price lookup failed for w3dYCLYpUHFiZxbgXGaH9stnREEjk7Ms6JupWsTpump: 429 Client Error: Too Many Requests for url: https://api.jup.ag/price/v3?ids=w3dYCLYpUHFiZxbgXGaH9stnREEjk7Ms6JupWsTpump
[LiveDataSource] price lookup failed for EpgCAWwATyXZkqHgvtsv9rUmHByuTr5sXfufaXMpump: 429 Client Error: Too Many Requests for url: https://api.jup.ag/price/v3?ids=EpgCAWwATyXZkqHgvtsv9rUmHByuTr5sXfufaXMpump
[LiveDataSource] price lookup failed for w3dYCLYpUHFiZxbgXGaH9stnREEjk7Ms6JupWsTpump: 429 Client Error: Too Many Requests for url: https://api.jup.ag/price/v3?ids=w3dYCLYpUHFiZxbgXGaH9stnREEjk7Ms6JupWsTpump
[LiveDataSource] price lookup failed for w3dYCLYpUHFiZxbgXGaH9stnREEjk7Ms6JupWsTpump: 429 Client Error: Too Many Requests for url: https://api.jup.ag/price/v3?ids=w3dYCLYpUHFiZxbgXGaH9stnREEjk7Ms6JupWsTpump
[LiveDataSource] price lookup failed for EpgCAWwATyXZkqHgvtsv9rUmHByuTr5sXfufaXMpump: 429 Client Error: Too Many Requests for url: https://api.jup.ag/price/v3?ids=EpgCAWwATyXZkqHgvtsv9rUmHByuTr5sXfufaXMpump
[LiveDataSource] price lookup failed for w3dYCLYpUHFiZxbgXGaH9stnREEjk7Ms6JupWsTpump: 429 Client Error: Too Many Requests for url: https://api.jup.ag/price/v3?ids=w3dYCLYpUHFiZxbgXGaH9stnREEjk7Ms6JupWsTpump
[LiveDataSource] price lookup failed for EpgCAWwATyXZkqHgvtsv9rUmHByuTr5sXfufaXMpump: 429 Client Error: Too Many Requests for url: https://api.jup.ag/price/v3?ids=EpgCAWwATyXZkqHgvtsv9rUmHByuTr5sXfufaXMpump
[LiveDataSource] price lookup failed for EpgCAWwATyXZkqHgvtsv9rUmHByuTr5sXfufaXMpump: 429 Client Error: Too Many Requests for url: https://api.jup.ag/price/v3?ids=EpgCAWwATyXZkqHgvtsv9rUmHByuTr5sXfufaXMpump
[LiveDataSource] price lookup failed for w3dYCLYpUHFiZxbgXGaH9stnREEjk7Ms6JupWsTpump: 429 Client Error: Too Many Requests for url: https://api.jup.ag/price/v3?ids=w3dYCLYpUHFiZxbgXGaH9stnREEjk7Ms6JupWsTpump
[LiveDataSource] price lookup failed for w3dYCLYpUHFiZxbgXGaH9stnREEjk7Ms6JupWsTpump: 429 Client Error: Too Many Requests for url: https://api.jup.ag/price/v3?ids=w3dYCLYpUHFiZxbgXGaH9stnREEjk7Ms6JupWsTpump
[LiveDataSource] price lookup failed for EpgCAWwATyXZkqHgvtsv9rUmHByuTr5sXfufaXMpump: 429 Client Error: Too Many Requests for url: https://api.jup.ag/price/v3?ids=EpgCAWwATyXZkqHgvtsv9rUmHByuTr5sXfufaXMpump
[LiveDataSource] price lookup failed for w3dYCLYpUHFiZxbgXGaH9stnREEjk7Ms6JupWsTpump: 429 Client Error: Too Many Requests for url: https://api.jup.ag/price/v3?ids=w3dYCLYpUHFiZxbgXGaH9stnREEjk7Ms6JupWsTpump
[LiveDataSource] price lookup failed for EpgCAWwATyXZkqHgvtsv9rUmHByuTr5sXfufaXMpump: 429 Client Error: Too Many Requests for url: https://api.jup.ag/price/v3?ids=EpgCAWwATyXZkqHgvtsv9rUmHByuTr5sXfufaXMpump
[LiveDataSource] price lookup failed for EpgCAWwATyXZkqHgvtsv9rUmHByuTr5sXfufaXMpump: 429 Client Error: Too Many Requests for url: https://api.jup.ag/price/v3?ids=EpgCAWwATyXZkqHgvtsv9rUmHByuTr5sXfufaXMpump
[LiveDataSource] price lookup failed for EpgCAWwATyXZkqHgvtsv9rUmHByuTr5sXfufaXMpump: 429 Client Error: Too Many Requests for url: https://api.jup.ag/price/v3?ids=EpgCAWwATyXZkqHgvtsv9rUmHByuTr5sXfufaXMpump
[LiveDataSource] price lookup failed for EpgCAWwATyXZkqHgvtsv9rUmHByuTr5sXfufaXMpump: 429 Client Error: Too Many Requests for url: https://api.jup.ag/price/v3?ids=EpgCAWwATyXZkqHgvtsv9rUmHByuTr5sXfufaXMpump
[LiveDataSource] price lookup failed for w3dYCLYpUHFiZxbgXGaH9stnREEjk7Ms6JupWsTpump: 429 Client Error: Too Many Requests for url: https://api.jup.ag/price/v3?ids=w3dYCLYpUHFiZxbgXGaH9stnREEjk7Ms6JupWsTpump
[LiveDataSource] price lookup failed for w3dYCLYpUHFiZxbgXGaH9stnREEjk7Ms6JupWsTpump: 429 Client Error: Too Many Requests for url: https://api.jup.ag/price/v3?ids=w3dYCLYpUHFiZxbgXGaH9stnREEjk7Ms6JupWsTpump
[LiveDataSource] price lookup failed for w3dYCLYpUHFiZxbgXGaH9stnREEjk7Ms6JupWsTpump: 429 Client Error: Too Many Requests for url: https://api.jup.ag/price/v3?ids=w3dYCLYpUHFiZxbgXGaH9stnREEjk7Ms6JupWsTpump
[LiveDataSource] price lookup failed for EpgCAWwATyXZkqHgvtsv9rUmHByuTr5sXfufaXMpump: 429 Client Error: Too Many Requests for url: https://api.jup.ag/price/v3?ids=EpgCAWwATyXZkqHgvtsv9rUmHByuTr5sXfufaXMpump
[LiveDataSource] price lookup failed for w3dYCLYpUHFiZxbgXGaH9stnREEjk7Ms6JupWsTpump: 429 Client Error: Too Many Requests for url: https://api.jup.ag/price/v3?ids=w3dYCLYpUHFiZxbgXGaH9stnREEjk7Ms6JupWsTpump
[LiveDataSource] price lookup failed for w3dYCLYpUHFiZxbgXGaH9stnREEjk7Ms6JupWsTpump: 429 Client Error: Too Many Requests for url: https://api.jup.ag/price/v3?ids=w3dYCLYpUHFiZxbgXGaH9stnREEjk7Ms6JupWsTpump
[LiveDataSource] price lookup failed for w3dYCLYpUHFiZxbgXGaH9stnREEjk7Ms6JupWsTpump: 429 Client Error: Too Many Requests for url: https://api.jup.ag/price/v3?ids=w3dYCLYpUHFiZxbgXGaH9stnREEjk7Ms6JupWsTpump
[LiveDataSource] token info lookup failed for 11D8VbXszLbmgdsWJS3zbdfatx2bLPWiyXZG5ZUpump: 429 Client Error: Too Many Requests for url: https://api.jup.ag/tokens/v2/search?query=11D8VbXszLbmgdsWJS3zbdfatx2bLPWiyXZG5ZUpump
[LiveDataSource] price lookup failed for hwbbGmQNpio9m5Ug9yEmiUzjEZkTVzh2N1ikpGBpump: 429 Client Error: Too Many Requests for url: https://api.jup.ag/price/v3?ids=hwbbGmQNpio9m5Ug9yEmiUzjEZkTVzh2N1ikpGBpump
[LiveDataSource] price lookup failed for w3dYCLYpUHFiZxbgXGaH9stnREEjk7Ms6JupWsTpump: 429 Client Error: Too Many Requests for url: https://api.jup.ag/price/v3?ids=w3dYCLYpUHFiZxbgXGaH9stnREEjk7Ms6JupWsTpump
[LiveDataSource] price lookup failed for EpgCAWwATyXZkqHgvtsv9rUmHByuTr5sXfufaXMpump: 429 Client Error: Too Many Requests for url: https://api.jup.ag/price/v3?ids=EpgCAWwATyXZkqHgvtsv9rUmHByuTr5sXfufaXMpump
[LiveDataSource] price lookup failed for w3dYCLYpUHFiZxbgXGaH9stnREEjk7Ms6JupWsTpump: 429 Client Error: Too Many Requests for url: https://api.jup.ag/price/v3?ids=w3dYCLYpUHFiZxbgXGaH9stnREEjk7Ms6JupWsTpump
[LiveDataSource] price lookup failed for EpgCAWwATyXZkqHgvtsv9rUmHByuTr5sXfufaXMpump: 429 Client Error: Too Many Requests for url: https://api.jup.ag/price/v3?ids=EpgCAWwATyXZkqHgvtsv9rUmHByuTr5sXfufaXMpump
[LiveDataSource] price lookup failed for w3dYCLYpUHFiZxbgXGaH9stnREEjk7Ms6JupWsTpump: 429 Client Error: Too Many Requests for url: https://api.jup.ag/price/v3?ids=w3dYCLYpUHFiZxbgXGaH9stnREEjk7Ms6JupWsTpump
[LiveDataSource] price lookup failed for w3dYCLYpUHFiZxbgXGaH9stnREEjk7Ms6JupWsTpump: 429 Client Error: Too Many Requests for url: https://api.jup.ag/price/v3?ids=w3dYCLYpUHFiZxbgXGaH9stnREEjk7Ms6JupWsTpump
[LiveDataSource] price lookup failed for EpgCAWwATyXZkqHgvtsv9rUmHByuTr5sXfufaXMpump: 429 Client Error: Too Many Requests for url: https://api.jup.ag/price/v3?ids=EpgCAWwATyXZkqHgvtsv9rUmHByuTr5sXfufaXMpump
[LiveDataSource] price lookup failed for w3dYCLYpUHFiZxbgXGaH9stnREEjk7Ms6JupWsTpump: 429 Client Error: Too Many Requests for url: https://api.jup.ag/price/v3?ids=w3dYCLYpUHFiZxbgXGaH9stnREEjk7Ms6JupWsTpump
[LiveDataSource] price lookup failed for w3dYCLYpUHFiZxbgXGaH9stnREEjk7Ms6JupWsTpump: 429 Client Error: Too Many Requests for url: https://api.jup.ag/price/v3?ids=w3dYCLYpUHFiZxbgXGaH9stnREEjk7Ms6JupWsTpump
[LiveDataSource] price lookup failed for EpgCAWwATyXZkqHgvtsv9rUmHByuTr5sXfufaXMpump: 429 Client Error: Too Many Requests for url: https://api.jup.ag/price/v3?ids=EpgCAWwATyXZkqHgvtsv9rUmHByuTr5sXfufaXMpump
[LiveDataSource] price lookup failed for hwbbGmQNpio9m5Ug9yEmiUzjEZkTVzh2N1ikpGBpump: 429 Client Error: Too Many Requests for url: https://api.jup.ag/price/v3?ids=hwbbGmQNpio9m5Ug9yEmiUzjEZkTVzh2N1ikpGBpump
[LiveDataSource] price lookup failed for EpgCAWwATyXZkqHgvtsv9rUmHByuTr5sXfufaXMpump: 429 Client Error: Too Many Requests for url: https://api.jup.ag/price/v3?ids=EpgCAWwATyXZkqHgvtsv9rUmHByuTr5sXfufaXMpump
[LiveDataSource] price lookup failed for EpgCAWwATyXZkqHgvtsv9rUmHByuTr5sXfufaXMpump: 429 Client Error: Too Many Requests for url: https://api.jup.ag/price/v3?ids=EpgCAWwATyXZkqHgvtsv9rUmHByuTr5sXfufaXMpump
[LiveDataSource] price lookup failed for w3dYCLYpUHFiZxbgXGaH9stnREEjk7Ms6JupWsTpump: 429 Client Error: Too Many Requests for url: https://api.jup.ag/price/v3?ids=w3dYCLYpUHFiZxbgXGaH9stnREEjk7Ms6JupWsTpump
[LiveDataSource] price lookup failed for EpgCAWwATyXZkqHgvtsv9rUmHByuTr5sXfufaXMpump: 429 Client Error: Too Many Requests for url: https://api.jup.ag/price/v3?ids=EpgCAWwATyXZkqHgvtsv9rUmHByuTr5sXfufaXMpump
[LiveDataSource] price lookup failed for w3dYCLYpUHFiZxbgXGaH9stnREEjk7Ms6JupWsTpump: 429 Client Error: Too Many Requests for url: https://api.jup.ag/price/v3?ids=w3dYCLYpUHFiZxbgXGaH9stnREEjk7Ms6JupWsTpump
[LiveDataSource] price lookup failed for hwbbGmQNpio9m5Ug9yEmiUzjEZkTVzh2N1ikpGBpump: 429 Client Error: Too Many Requests for url: https://api.jup.ag/price/v3?ids=hwbbGmQNpio9m5Ug9yEmiUzjEZkTVzh2N1ikpGBpump
[LiveDataSource] price lookup failed for EpgCAWwATyXZkqHgvtsv9rUmHByuTr5sXfufaXMpump: 429 Client Error: Too Many Requests for url: https://api.jup.ag/price/v3?ids=EpgCAWwATyXZkqHgvtsv9rUmHByuTr5sXfufaXMpump
[LiveDataSource] price lookup failed for EpgCAWwATyXZkqHgvtsv9rUmHByuTr5sXfufaXMpump: 429 Client Error: Too Many Requests for url: https://api.jup.ag/price/v3?ids=EpgCAWwATyXZkqHgvtsv9rUmHByuTr5sXfufaXMpump
[LiveDataSource] price lookup failed for 3LBE25cw9Fa6KdoHUB65btrxcuGpuNa53uZpPJX5pump: 429 Client Error: Too Many Requests for url: https://api.jup.ag/price/v3?ids=3LBE25cw9Fa6KdoHUB65btrxcuGpuNa53uZpPJX5pump
[LiveDataSource] price lookup failed for 3LBE25cw9Fa6KdoHUB65btrxcuGpuNa53uZpPJX5pump: 429 Client Error: Too Many Requests for url: https://api.jup.ag/price/v3?ids=3LBE25cw9Fa6KdoHUB65btrxcuGpuNa53uZpPJX5pump
[LiveDataSource] price lookup failed for 5vG6BhYm9Mp6VCEnLNHgUiYVVafwiGR8UQgRB9Q8pump: 429 Client Error: Too Many Requests for url: https://api.jup.ag/price/v3?ids=5vG6BhYm9Mp6VCEnLNHgUiYVVafwiGR8UQgRB9Q8pump
[LiveDataSource] price lookup failed for hwbbGmQNpio9m5Ug9yEmiUzjEZkTVzh2N1ikpGBpump: 429 Client Error: Too Many Requests for url: https://api.jup.ag/price/v3?ids=hwbbGmQNpio9m5Ug9yEmiUzjEZkTVzh2N1ikpGBpump
[LiveDataSource] price lookup failed for EpgCAWwATyXZkqHgvtsv9rUmHByuTr5sXfufaXMpump: 429 Client Error: Too Many Requests for url: https://api.jup.ag/price/v3?ids=EpgCAWwATyXZkqHgvtsv9rUmHByuTr5sXfufaXMpump
[LiveDataSource] price lookup failed for 36ABKJrfEiC6diEwjSXpADf1JE7TZEKDmKanDUmMpump: 429 Client Error: Too Many Requests for url: https://api.jup.ag/price/v3?ids=36ABKJrfEiC6diEwjSXpADf1JE7TZEKDmKanDUmMpump
[LiveDataSource] price lookup failed for 36ABKJrfEiC6diEwjSXpADf1JE7TZEKDmKanDUmMpump: 429 Client Error: Too Many Requests for url: https://api.jup.ag/price/v3?ids=36ABKJrfEiC6diEwjSXpADf1JE7TZEKDmKanDUmMpump
[LiveDataSource] price lookup failed for EpgCAWwATyXZkqHgvtsv9rUmHByuTr5sXfufaXMpump: 429 Client Error: Too Many Requests for url: https://api.jup.ag/price/v3?ids=EpgCAWwATyXZkqHgvtsv9rUmHByuTr5sXfufaXMpump
[LiveDataSource] price lookup failed for 36ABKJrfEiC6diEwjSXpADf1JE7TZEKDmKanDUmMpump: 429 Client Error: Too Many Requests for url: https://api.jup.ag/price/v3?ids=36ABKJrfEiC6diEwjSXpADf1JE7TZEKDmKanDUmMpump
[LiveDataSource] price lookup failed for 36ABKJrfEiC6diEwjSXpADf1JE7TZEKDmKanDUmMpump: 429 Client Error: Too Many Requests for url: https://api.jup.ag/price/v3?ids=36ABKJrfEiC6diEwjSXpADf1JE7TZEKDmKanDUmMpump
[LiveDataSource] price lookup failed for EpgCAWwATyXZkqHgvtsv9rUmHByuTr5sXfufaXMpump: 429 Client Error: Too Many Requests for url: https://api.jup.ag/price/v3?ids=EpgCAWwATyXZkqHgvtsv9rUmHByuTr5sXfufaXMpump
[LiveDataSource] price lookup failed for 5hhR7TBxP44M5SCxnA8y2MTX3nnyWtHuzPye6QL8pump: 429 Client Error: Too Many Requests for url: https://api.jup.ag/price/v3?ids=5hhR7TBxP44M5SCxnA8y2MTX3nnyWtHuzPye6QL8pump
[LiveDataSource] price lookup failed for 5hhR7TBxP44M5SCxnA8y2MTX3nnyWtHuzPye6QL8pump: 429 Client Error: Too Many Requests for url: https://api.jup.ag/price/v3?ids=5hhR7TBxP44M5SCxnA8y2MTX3nnyWtHuzPye6QL8pump
[LiveDataSource] price lookup failed for 2w82KSqu735ChhqiGNDqVk42Q31vYgrNAYUU3DxCpump: 429 Client Error: Too Many Requests for url: https://api.jup.ag/price/v3?ids=2w82KSqu735ChhqiGNDqVk42Q31vYgrNAYUU3DxCpump
[LiveDataSource] price lookup failed for hwbbGmQNpio9m5Ug9yEmiUzjEZkTVzh2N1ikpGBpump: 429 Client Error: Too Many Requests for url: https://api.jup.ag/price/v3?ids=hwbbGmQNpio9m5Ug9yEmiUzjEZkTVzh2N1ikpGBpump
[LiveDataSource] price lookup failed for 2w82KSqu735ChhqiGNDqVk42Q31vYgrNAYUU3DxCpump: 429 Client Error: Too Many Requests for url: https://api.jup.ag/price/v3?ids=2w82KSqu735ChhqiGNDqVk42Q31vYgrNAYUU3DxCpump
[LiveDataSource] price lookup failed for UX712XgxEb6GGuJJaEA5uqZMGNTzDy49U3RUEskpump: 429 Client Error: Too Many Requests for url: https://api.jup.ag/price/v3?ids=UX712XgxEb6GGuJJaEA5uqZMGNTzDy49U3RUEskpump
[LiveDataSource] price lookup failed for EpgCAWwATyXZkqHgvtsv9rUmHByuTr5sXfufaXMpump: 429 Client Error: Too Many Requests for url: https://api.jup.ag/price/v3?ids=EpgCAWwATyXZkqHgvtsv9rUmHByuTr5sXfufaXMpump
[LiveDataSource] price lookup failed for UX712XgxEb6GGuJJaEA5uqZMGNTzDy49U3RUEskpump: 429 Client Error: Too Many Requests for url: https://api.jup.ag/price/v3?ids=UX712XgxEb6GGuJJaEA5uqZMGNTzDy49U3RUEskpump
[LiveDataSource] price lookup failed for EpgCAWwATyXZkqHgvtsv9rUmHByuTr5sXfufaXMpump: 429 Client Error: Too Many Requests for url: https://api.jup.ag/price/v3?ids=EpgCAWwATyXZkqHgvtsv9rUmHByuTr5sXfufaXMpump
[LiveDataSource] price lookup failed for UX712XgxEb6GGuJJaEA5uqZMGNTzDy49U3RUEskpump: 429 Client Error: Too Many Requests for url: https://api.jup.ag/price/v3?ids=UX712XgxEb6GGuJJaEA5uqZMGNTzDy49U3RUEskpump
[LiveDataSource] price lookup failed for EpgCAWwATyXZkqHgvtsv9rUmHByuTr5sXfufaXMpump: 429 Client Error: Too Many Requests for url: https://api.jup.ag/price/v3?ids=EpgCAWwATyXZkqHgvtsv9rUmHByuTr5sXfufaXMpump
[LiveDataSource] price lookup failed for UX712XgxEb6GGuJJaEA5uqZMGNTzDy49U3RUEskpump: 429 Client Error: Too Many Requests for url: https://api.jup.ag/price/v3?ids=UX712XgxEb6GGuJJaEA5uqZMGNTzDy49U3RUEskpump
[LiveDataSource] price lookup failed for 7DFy4JGzirMwCmMQEoHZJBuQNnJYmkurraLGRtktpump: 429 Client Error: Too Many Requests for url: https://api.jup.ag/price/v3?ids=7DFy4JGzirMwCmMQEoHZJBuQNnJYmkurraLGRtktpump
[LiveDataSource] price lookup failed for 7DFy4JGzirMwCmMQEoHZJBuQNnJYmkurraLGRtktpump: 429 Client Error: Too Many Requests for url: https://api.jup.ag/price/v3?ids=7DFy4JGzirMwCmMQEoHZJBuQNnJYmkurraLGRtktpump
[LiveDataSource] price lookup failed for F4paGkpzqWsB3GEGHHE2H86cKcNxB4y72aU859xspump: 429 Client Error: Too Many Requests for url: https://api.jup.ag/price/v3?ids=F4paGkpzqWsB3GEGHHE2H86cKcNxB4y72aU859xspump
[LiveDataSource] price lookup failed for B8xtQz9CK7xr56dboGx8gL2Zu4dB2MiydFe4b8NPpump: 429 Client Error: Too Many Requests for url: https://api.jup.ag/price/v3?ids=B8xtQz9CK7xr56dboGx8gL2Zu4dB2MiydFe4b8NPpump
[LiveDataSource] price lookup failed for B8xtQz9CK7xr56dboGx8gL2Zu4dB2MiydFe4b8NPpump: 429 Client Error: Too Many Requests for url: https://api.jup.ag/price/v3?ids=B8xtQz9CK7xr56dboGx8gL2Zu4dB2MiydFe4b8NPpump
[LiveDataSource] price lookup failed for HJRWcUGUan6CiCUx5mghkbjzV41tM4ddpLvgjeEPpump: 429 Client Error: Too Many Requests for url: https://api.jup.ag/price/v3?ids=HJRWcUGUan6CiCUx5mghkbjzV41tM4ddpLvgjeEPpump
[LiveDataSource] price lookup failed for 2moSQQA9wJWPETG9iGZZxYiUQstc1X8dxXjdVYq6pump: 429 Client Error: Too Many Requests for url: https://api.jup.ag/price/v3?ids=2moSQQA9wJWPETG9iGZZxYiUQstc1X8dxXjdVYq6pump
[LiveDataSource] price lookup failed for 8zmi4xhaQzNc3CVaSzdahS6bDwqNSdvY4sRFZPE5pump: 429 Client Error: Too Many Requests for url: https://api.jup.ag/price/v3?ids=8zmi4xhaQzNc3CVaSzdahS6bDwqNSdvY4sRFZPE5pump
[LiveDataSource] price lookup failed for 2moSQQA9wJWPETG9iGZZxYiUQstc1X8dxXjdVYq6pump: 429 Client Error: Too Many Requests for url: https://api.jup.ag/price/v3?ids=2moSQQA9wJWPETG9iGZZxYiUQstc1X8dxXjdVYq6pump
[LiveDataSource] price lookup failed for 8zmi4xhaQzNc3CVaSzdahS6bDwqNSdvY4sRFZPE5pump: 429 Client Error: Too Many Requests for url: https://api.jup.ag/price/v3?ids=8zmi4xhaQzNc3CVaSzdahS6bDwqNSdvY4sRFZPE5pump
[LiveDataSource] price lookup failed for 8zmi4xhaQzNc3CVaSzdahS6bDwqNSdvY4sRFZPE5pump: 429 Client Error: Too Many Requests for url: https://api.jup.ag/price/v3?ids=8zmi4xhaQzNc3CVaSzdahS6bDwqNSdvY4sRFZPE5pump
[LiveDataSource] price lookup failed for 8zmi4xhaQzNc3CVaSzdahS6bDwqNSdvY4sRFZPE5pump: 429 Client Error: Too Many Requests for url: https://api.jup.ag/price/v3?ids=8zmi4xhaQzNc3CVaSzdahS6bDwqNSdvY4sRFZPE5pump
[LiveDataSource] price lookup failed for 8zmi4xhaQzNc3CVaSzdahS6bDwqNSdvY4sRFZPE5pump: 429 Client Error: Too Many Requests for url: https://api.jup.ag/price/v3?ids=8zmi4xhaQzNc3CVaSzdahS6bDwqNSdvY4sRFZPE5pump
[LiveDataSource] price lookup failed for HJRWcUGUan6CiCUx5mghkbjzV41tM4ddpLvgjeEPpump: 429 Client Error: Too Many Requests for url: https://api.jup.ag/price/v3?ids=HJRWcUGUan6CiCUx5mghkbjzV41tM4ddpLvgjeEPpump
[LiveDataSource] price lookup failed for 2moSQQA9wJWPETG9iGZZxYiUQstc1X8dxXjdVYq6pump: 429 Client Error: Too Many Requests for url: https://api.jup.ag/price/v3?ids=2moSQQA9wJWPETG9iGZZxYiUQstc1X8dxXjdVYq6pump
[LiveDataSource] price lookup failed for 4BGW9gNYyDE4rGceoqjBa6eMnrf1bnHrwp3mLA4apump: 429 Client Error: Too Many Requests for url: https://api.jup.ag/price/v3?ids=4BGW9gNYyDE4rGceoqjBa6eMnrf1bnHrwp3mLA4apump
[LiveDataSource] price lookup failed for 4BGW9gNYyDE4rGceoqjBa6eMnrf1bnHrwp3mLA4apump: 429 Client Error: Too Many Requests for url: https://api.jup.ag/price/v3?ids=4BGW9gNYyDE4rGceoqjBa6eMnrf1bnHrwp3mLA4apump
[LiveDataSource] price lookup failed for 4BGW9gNYyDE4rGceoqjBa6eMnrf1bnHrwp3mLA4apump: 429 Client Error: Too Many Requests for url: https://api.jup.ag/price/v3?ids=4BGW9gNYyDE4rGceoqjBa6eMnrf1bnHrwp3mLA4apump
[LiveDataSource] price lookup failed for 4BGW9gNYyDE4rGceoqjBa6eMnrf1bnHrwp3mLA4apump: 429 Client Error: Too Many Requests for url: https://api.jup.ag/price/v3?ids=4BGW9gNYyDE4rGceoqjBa6eMnrf1bnHrwp3mLA4apump
[LiveDataSource] price lookup failed for 4BGW9gNYyDE4rGceoqjBa6eMnrf1bnHrwp3mLA4apump: 429 Client Error: Too Many Requests for url: https://api.jup.ag/price/v3?ids=4BGW9gNYyDE4rGceoqjBa6eMnrf1bnHrwp3mLA4apump
[LiveDataSource] price lookup failed for 8zmi4xhaQzNc3CVaSzdahS6bDwqNSdvY4sRFZPE5pump: 429 Client Error: Too Many Requests for url: https://api.jup.ag/price/v3?ids=8zmi4xhaQzNc3CVaSzdahS6bDwqNSdvY4sRFZPE5pump
[LiveDataSource] price lookup failed for 4BGW9gNYyDE4rGceoqjBa6eMnrf1bnHrwp3mLA4apump: 429 Client Error: Too Many Requests for url: https://api.jup.ag/price/v3?ids=4BGW9gNYyDE4rGceoqjBa6eMnrf1bnHrwp3mLA4apump
[LiveDataSource] price lookup failed for 8zmi4xhaQzNc3CVaSzdahS6bDwqNSdvY4sRFZPE5pump: 429 Client Error: Too Many Requests for url: https://api.jup.ag/price/v3?ids=8zmi4xhaQzNc3CVaSzdahS6bDwqNSdvY4sRFZPE5pump
[LiveDataSource] price lookup failed for 4BGW9gNYyDE4rGceoqjBa6eMnrf1bnHrwp3mLA4apump: 429 Client Error: Too Many Requests for url: https://api.jup.ag/price/v3?ids=4BGW9gNYyDE4rGceoqjBa6eMnrf1bnHrwp3mLA4apump
[LiveDataSource] price lookup failed for 8zmi4xhaQzNc3CVaSzdahS6bDwqNSdvY4sRFZPE5pump: 429 Client Error: Too Many Requests for url: https://api.jup.ag/price/v3?ids=8zmi4xhaQzNc3CVaSzdahS6bDwqNSdvY4sRFZPE5pump
[LiveDataSource] price lookup failed for 4BGW9gNYyDE4rGceoqjBa6eMnrf1bnHrwp3mLA4apump: 429 Client Error: Too Many Requests for url: https://api.jup.ag/price/v3?ids=4BGW9gNYyDE4rGceoqjBa6eMnrf1bnHrwp3mLA4apump
[LiveDataSource] price lookup failed for 8zmi4xhaQzNc3CVaSzdahS6bDwqNSdvY4sRFZPE5pump: 429 Client Error: Too Many Requests for url: https://api.jup.ag/price/v3?ids=8zmi4xhaQzNc3CVaSzdahS6bDwqNSdvY4sRFZPE5pump
[LiveDataSource] price lookup failed for 4BGW9gNYyDE4rGceoqjBa6eMnrf1bnHrwp3mLA4apump: 429 Client Error: Too Many Requests for url: https://api.jup.ag/price/v3?ids=4BGW9gNYyDE4rGceoqjBa6eMnrf1bnHrwp3mLA4apump
[LiveDataSource] price lookup failed for 8zmi4xhaQzNc3CVaSzdahS6bDwqNSdvY4sRFZPE5pump: 429 Client Error: Too Many Requests for url: https://api.jup.ag/price/v3?ids=8zmi4xhaQzNc3CVaSzdahS6bDwqNSdvY4sRFZPE5pump
[LiveDataSource] price lookup failed for 8zmi4xhaQzNc3CVaSzdahS6bDwqNSdvY4sRFZPE5pump: 429 Client Error: Too Many Requests for url: https://api.jup.ag/price/v3?ids=8zmi4xhaQzNc3CVaSzdahS6bDwqNSdvY4sRFZPE5pump
[LiveDataSource] price lookup failed for 4BGW9gNYyDE4rGceoqjBa6eMnrf1bnHrwp3mLA4apump: 429 Client Error: Too Many Requests for url: https://api.jup.ag/price/v3?ids=4BGW9gNYyDE4rGceoqjBa6eMnrf1bnHrwp3mLA4apump
[LiveDataSource] price lookup failed for 8zmi4xhaQzNc3CVaSzdahS6bDwqNSdvY4sRFZPE5pump: 429 Client Error: Too Many Requests for url: https://api.jup.ag/price/v3?ids=8zmi4xhaQzNc3CVaSzdahS6bDwqNSdvY4sRFZPE5pump
[LiveDataSource] price lookup failed for 4BGW9gNYyDE4rGceoqjBa6eMnrf1bnHrwp3mLA4apump: 429 Client Error: Too Many Requests for url: https://api.jup.ag/price/v3?ids=4BGW9gNYyDE4rGceoqjBa6eMnrf1bnHrwp3mLA4apump
[LiveDataSource] price lookup failed for 8GSuZp2NBmrAs1Lp9AV3a2T1gPEKnUsESBkjsT8pump: 429 Client Error: Too Many Requests for url: https://api.jup.ag/price/v3?ids=8GSuZp2NBmrAs1Lp9AV3a2T1gPEKnUsESBkjsT8pump
[LiveDataSource] price lookup failed for 6T7RZNMifRb5ofCwWmktwityLacWph4iAtZwEchZpump: 429 Client Error: Too Many Requests for url: https://api.jup.ag/price/v3?ids=6T7RZNMifRb5ofCwWmktwityLacWph4iAtZwEchZpump