2026-08-27 20:02:13,SCREEN,FZqdw6oSDCbHtKYxmhnfbi97SnyVy8jaYpdCoMrrjKa2,Pistacio,,,,,,SAFE,,,SAFE score=92 | warn:dev_history
2026-08-27 20:02:25,SCREEN,AA33znW3bciXvrj8AUwPryVgDiasmEGxaqCwjHEWGdkd,b,,,,,,SAFE,,,SAFE score=92 | warn:dev_history
2026-08-27 20:02:27,SCREEN,TTWofwAge91oFhZs7kpQdyrVRkmevgM88xijGvQFbKo,TTWO,,,,,,RUG_RISK,,,"RUG_RISK score=92 | hard_fail:mint_authority,freeze_authority,top10_holders | warn:organic_buyers_5m"
2026-08-27 20:02:27,SKIP,TTWofwAge91oFhZs7kpQdyrVRkmevgM88xijGvQFbKo,TTWO,,,,,,RUG_RISK,,,"rug_screen: RUG_RISK score=92 | hard_fail:mint_authority,freeze_authority,top10_holders | warn:organic_buyers_5m"
2026-08-27 20:02:30,SCREEN,hgin2YeSuc6JXDwiTKGxZaw1xkDHKicUAHPV3u9pump,PHASEONE,,,,,,SAFE,,,"SAFE score=84 | warn:dev_history,organic_buyers_5m"
2026-08-27 20:02:35,SCREEN,6GmAFSYs4gk3FDao5FzzySQpPZaWsa4rUJHacpMpUNgx,STONK,,,,,,SAFE,,,"SAFE score=84 | warn:dev_history,organic_buyers_5m"
2026-08-27 20:02:37,SCREEN,4kjruqGHDsSqkMdFfCjV7Vb62HPFhtXyWc2t6JpQzDnz,GTA6,,,,,,SAFE,,,SAFE score=92 | warn:dev_history
2026-08-27 20:02:39,SCREEN,SKHYhSjuRWHgikq8eRKbtBbpABgJSkd7ytQV14i9EQ3,SKHY,,,,,,RUG_RISK,,,"RUG_RISK score=92 | hard_fail:mint_authority,freeze_authority,top1_holder,top10_holders | warn:organic_buyers_5m"
2026-08-27 20:02:39,SKIP,SKHYhSjuRWHgikq8eRKbtBbpABgJSkd7ytQV14i9EQ3,SKHY,,,,,,RUG_RISK,,,"rug_screen: RUG_RISK score=92 | hard_fail:mint_authority,freeze_authority,top1_holder,top10_holders | warn:organic_buyers_5m"
2026-08-27 20:02:44,SCREEN,E3i7sTY5QYEBh3itepnomZQt7Eh5kzmHFk1vkm2pump,cc,,,,,,SAFE,,,SAFE score=92 | warn:organic_buyers_5m
2026-08-27 20:02:48,SCREEN,7n8kRipxAQBfpGQtcGA2AbkM2HASSVCzqZ5F3QEopump,Zoe,,,,,,SAFE,,,SAFE score=92 | warn:dev_history
2026-08-27 20:02:52,SCREEN,Ge87EtsjwRQbHaqQmKRno69RFTwh9bfSsm99XNxTpump,Jimothy,,,,,,SAFE,,,SAFE score=92 | warn:organic_buyers_5m
2026-08-27 20:02:55,SCREEN,zj1jpp7QMveWHLs61vL9KMZf254KvW7j4AAmBF8ry2k,BULLSHIT,,,,,,SAFE,,,SAFE score=100
2026-08-27 20:02:57,SCREEN,EhCzWhMyUAo87bQ663fV2A6reLhXgdhdcf9ynJV8pump,POKEMON,,,,,,SAFE,,,SAFE score=92 | warn:organic_buyers_5m
2026-08-27 20:03:26,SCREEN,6ismWYLTwvzngqAzeWLhAfq1jSY2yv8hG55te1HnTw9j,MUFASA,,,,,,SAFE,,,SAFE score=100
2026-08-27 20:04:59,SKIP,FZqdw6oSDCbHtKYxmhnfbi97SnyVy8jaYpdCoMrrjKa2,Pistacio,,,,,,SAFE,bo:late_slope (-3.98); pb:not_turning (-3.98),,setup: bo:late_slope (-3.98); pb:not_turning (-3.98)
2026-08-27 20:05:01,BUY,AA33znW3bciXvrj8AUwPryVgDiasmEGxaqCwjHEWGdkd,b,breakout,0.0001263649,5.00,0.0425,,SAFE,"breakout: 0.0% off high, 1h +13%, flow 17/9, late slope 0.00",rug_score=92;liq_usd=20551.7;mcap_usd=120993;vol24_usd=1.00847e+07;holders=2939;top1_pct=18.71;organic_score=75;chg5m_pct=6.93;chg1h_pct=13.22;chg24h_pct=328.48;organic_buyers_5m=5;buys_5m=17;sells_5m=9;dev_mints=16637;setup_breakout=1;setup_pullback=0;mv_return_pct=7.88;mv_drawdown_pct=0;mv_slope=3.2697;mv_late_slope=0;mv_vol_pct=1.387;mv_below_high_pct=0;mv_above_low_pct=7.88;mv_holder_growth=2.69;mv_liq_trend_pct=3.437,breakout | stop 0.0001112011 | SAFE score=92 | warn:dev_history
2026-08-27 20:05:03,BUY,hgin2YeSuc6JXDwiTKGxZaw1xkDHKicUAHPV3u9pump,PHASEONE,breakout,0.0000485299,5.00,0.0425,,SAFE,"breakout: -5.2% off high, 1h +51%, flow 11/8, late slope 0.00",rug_score=84;liq_usd=10279.3;mcap_usd=46347.6;vol24_usd=4.8556e+06;holders=1519;top1_pct=22.2;organic_score=73.43;chg5m_pct=5.31;chg1h_pct=51.25;chg24h_pct=344.96;organic_buyers_5m=0;buys_5m=11;sells_5m=8;dev_mints=973;setup_breakout=1;setup_pullback=0;mv_return_pct=-5.229;mv_drawdown_pct=-5.229;mv_slope=-2.2301;mv_late_slope=0;mv_vol_pct=1.32;mv_below_high_pct=-5.229;mv_above_low_pct=0;mv_holder_growth=-1.177;mv_liq_trend_pct=-2.509,"breakout | stop 0.0000427063 | SAFE score=84 | warn:dev_history,organic_buyers_5m"
2026-08-27 20:05:07,BUY,6GmAFSYs4gk3FDao5FzzySQpPZaWsa4rUJHacpMpUNgx,STONK,breakout,0.0155683864,4.91,0.0423,,SAFE,"breakout: -0.3% off high, 1h +-4%, flow 17/22, late slope 0.00",rug_score=84;liq_usd=842910;mcap_usd=1.38336e+07;vol24_usd=4.57891e+06;holders=12619;top1_pct=19.63;organic_score=89.66;chg5m_pct=-0.2;chg1h_pct=-4.27;chg24h_pct=11.19;organic_buyers_5m=1;buys_5m=17;sells_5m=22;dev_mints=5806;setup_breakout=1;setup_pullback=0;mv_return_pct=-0.044;mv_drawdown_pct=-0.253;mv_slope=0.0141;mv_late_slope=0;mv_vol_pct=0.187;mv_below_high_pct=-0.253;mv_above_low_pct=0.062;mv_holder_growth=-1.572;mv_liq_trend_pct=0.073,"breakout | stop 0.0137001800 | SAFE score=84 | warn:dev_history,organic_buyers_5m"
2026-08-27 20:05:10,SKIP,4kjruqGHDsSqkMdFfCjV7Vb62HPFhtXyWc2t6JpQzDnz,GTA6,,,,,,SAFE,bo:1h_out_of_band (-9%); bo:late_slope (-5.70); pb:1h_out_of_band (-9%); pb:not_turning (-5.70),,setup: bo:1h_out_of_band (-9%); bo:late_slope (-5.70); pb:1h_out_of_band (-9%); pb:not_turning (-5.70)
2026-08-27 20:05:51,SKIP,E3i7sTY5QYEBh3itepnomZQt7Eh5kzmHFk1vkm2pump,cc,,,,,,,,,balance_too_low
2026-08-27 20:06:00,SKIP,7n8kRipxAQBfpGQtcGA2AbkM2HASSVCzqZ5F3QEopump,Zoe,,,,,,SAFE,bo:1h_out_of_band (-14%); pb:1h_out_of_band (-14%),,setup: bo:1h_out_of_band (-14%); pb:1h_out_of_band (-14%)
2026-08-27 20:06:04,SKIP,Ge87EtsjwRQbHaqQmKRno69RFTwh9bfSsm99XNxTpump,Jimothy,,,,,,,,,balance_too_low
2026-08-27 20:06:06,SKIP,zj1jpp7QMveWHLs61vL9KMZf254KvW7j4AAmBF8ry2k,BULLSHIT,,,,,,,,,balance_too_low
2026-08-27 20:06:10,SKIP,EhCzWhMyUAo87bQ663fV2A6reLhXgdhdcf9ynJV8pump,POKEMON,,,,,,,,,balance_too_low
2026-08-27 20:06:15,SKIP,6ismWYLTwvzngqAzeWLhAfq1jSY2yv8hG55te1HnTw9j,MUFASA,,,,,,SAFE,bo:1h_out_of_band (-20%); pb:1h_out_of_band (-20%),,setup: bo:1h_out_of_band (-20%); pb:1h_out_of_band (-20%)
2026-08-27 20:06:43,SCREEN,HG3sZ52NRmNpm2BueL1MSBM3krr5M6YJtQohjNyhpump,BANDOS,,,,,,RUG_RISK,,,RUG_RISK score=100 | hard_fail:sell_route
2026-08-27 20:06:43,SKIP,HG3sZ52NRmNpm2BueL1MSBM3krr5M6YJtQohjNyhpump,BANDOS,,,,,,RUG_RISK,,,rug_screen: RUG_RISK score=100 | hard_fail:sell_route
2026-08-27 20:06:58,SCREEN,DMXBsVBwfuzc5axa2vz6Ba2BzAxcUmn6V7ZtsJFEpump,TOADS,,,,,,RUG_RISK,,,RUG_RISK score=92 | hard_fail:sell_route | warn:dev_history
2026-08-27 20:06:58,SKIP,DMXBsVBwfuzc5axa2vz6Ba2BzAxcUmn6V7ZtsJFEpump,TOADS,,,,,,RUG_RISK,,,rug_screen: RUG_RISK score=92 | hard_fail:sell_route | warn:dev_history
2026-08-27 20:08:11,SCREEN,FZqdw6oSDCbHtKYxmhnfbi97SnyVy8jaYpdCoMrrjKa2,Pistacio,,,,,,RUG_RISK,,,RUG_RISK score=92 | hard_fail:sell_route | warn:dev_history
2026-08-27 20:08:11,SKIP,FZqdw6oSDCbHtKYxmhnfbi97SnyVy8jaYpdCoMrrjKa2,Pistacio,,,,,,RUG_RISK,,,rug_screen: RUG_RISK score=92 | hard_fail:sell_route | warn:dev_history
2026-08-27 20:08:15,SCREEN,TTWofwAge91oFhZs7kpQdyrVRkmevgM88xijGvQFbKo,TTWO,,,,,,RUG_RISK,,,"RUG_RISK score=92 | hard_fail:mint_authority,freeze_authority,top10_holders | warn:organic_buyers_5m"
2026-08-27 20:08:15,SKIP,TTWofwAge91oFhZs7kpQdyrVRkmevgM88xijGvQFbKo,TTWO,,,,,,RUG_RISK,,,"rug_screen: RUG_RISK score=92 | hard_fail:mint_authority,freeze_authority,top10_holders | warn:organic_buyers_5m"
2026-08-27 20:08:18,SCREEN,4kjruqGHDsSqkMdFfCjV7Vb62HPFhtXyWc2t6JpQzDnz,GTA6,,,,,,SAFE,,,SAFE score=92 | warn:dev_history
2026-08-27 20:08:24,SCREEN,SKHYhSjuRWHgikq8eRKbtBbpABgJSkd7ytQV14i9EQ3,SKHY,,,,,,RUG_RISK,,,"RUG_RISK score=92 | hard_fail:mint_authority,freeze_authority,top1_holder,top10_holders | warn:organic_buyers_5m"
2026-08-27 20:08:24,SKIP,SKHYhSjuRWHgikq8eRKbtBbpABgJSkd7ytQV14i9EQ3,SKHY,,,,,,RUG_RISK,,,"rug_screen: RUG_RISK score=92 | hard_fail:mint_authority,freeze_authority,top1_holder,top10_holders | warn:organic_buyers_5m"
2026-08-27 20:08:28,SCREEN,E3i7sTY5QYEBh3itepnomZQt7Eh5kzmHFk1vkm2pump,cc,,,,,,SAFE,,,"SAFE score=84 | warn:organic_buyers_5m,order_flow_5m"
2026-08-27 20:08:31,SCREEN,7n8kRipxAQBfpGQtcGA2AbkM2HASSVCzqZ5F3QEopump,Zoe,,,,,,SAFE,,,SAFE score=92 | warn:dev_history
2026-08-27 20:08:35,SCREEN,Ge87EtsjwRQbHaqQmKRno69RFTwh9bfSsm99XNxTpump,Jimothy,,,,,,SAFE,,,SAFE score=92 | warn:organic_buyers_5m
2026-08-27 20:08:43,SCREEN,zj1jpp7QMveWHLs61vL9KMZf254KvW7j4AAmBF8ry2k,BULLSHIT,,,,,,RUG_RISK,,,RUG_RISK score=100 | hard_fail:sell_route
2026-08-27 20:08:43,SKIP,zj1jpp7QMveWHLs61vL9KMZf254KvW7j4AAmBF8ry2k,BULLSHIT,,,,,,RUG_RISK,,,rug_screen: RUG_RISK score=100 | hard_fail:sell_route
2026-08-27 20:08:47,SCREEN,EhCzWhMyUAo87bQ663fV2A6reLhXgdhdcf9ynJV8pump,POKEMON,,,,,,SAFE,,,SAFE score=92 | warn:organic_buyers_5m
2026-08-27 20:09:53,SCREEN,6ismWYLTwvzngqAzeWLhAfq1jSY2yv8hG55te1HnTw9j,MUFASA,,,,,,SAFE,,,SAFE score=100
2026-08-27 20:10:49,SKIP,4kjruqGHDsSqkMdFfCjV7Vb62HPFhtXyWc2t6JpQzDnz,GTA6,,,,,,SAFE,bo:1h_out_of_band (-7%); bo:flow_weak (25/62); pb:1h_out_of_band (-7%),,setup: bo:1h_out_of_band (-7%); bo:flow_weak (25/62); pb:1h_out_of_band (-7%)
2026-08-27 20:11:08,SKIP,E3i7sTY5QYEBh3itepnomZQt7Eh5kzmHFk1vkm2pump,cc,,,,,,,,,balance_too_low
2026-08-27 20:11:10,SKIP,7n8kRipxAQBfpGQtcGA2AbkM2HASSVCzqZ5F3QEopump,Zoe,,,,,,SAFE,bo:1h_out_of_band (-15%); pb:1h_out_of_band (-15%),,setup: bo:1h_out_of_band (-15%); pb:1h_out_of_band (-15%)
2026-08-27 20:11:13,SKIP,Ge87EtsjwRQbHaqQmKRno69RFTwh9bfSsm99XNxTpump,Jimothy,,,,,,,,,balance_too_low
2026-08-27 20:11:17,SKIP,EhCzWhMyUAo87bQ663fV2A6reLhXgdhdcf9ynJV8pump,POKEMON,,,,,,SAFE,bo:late_slope (-10.24); pb:not_turning (-10.24),,setup: bo:late_slope (-10.24); pb:not_turning (-10.24)
2026-08-27 20:12:25,SKIP,6ismWYLTwvzngqAzeWLhAfq1jSY2yv8hG55te1HnTw9j,MUFASA,,,,,,,,,balance_too_low
2026-08-27 20:12:46,SCREEN,HG3sZ52NRmNpm2BueL1MSBM3krr5M6YJtQohjNyhpump,BANDOS,,,,,,SAFE,,,SAFE score=100
2026-08-27 20:14:18,SCREEN,FZqdw6oSDCbHtKYxmhnfbi97SnyVy8jaYpdCoMrrjKa2,Pistacio,,,,,,SAFE,,,SAFE score=92 | warn:dev_history
2026-08-27 20:14:22,SCREEN,TTWofwAge91oFhZs7kpQdyrVRkmevgM88xijGvQFbKo,TTWO,,,,,,RUG_RISK,,,"RUG_RISK score=92 | hard_fail:mint_authority,freeze_authority,top10_holders,sell_route | warn:organic_buyers_5m"
2026-08-27 20:14:22,SKIP,TTWofwAge91oFhZs7kpQdyrVRkmevgM88xijGvQFbKo,TTWO,,,,,,RUG_RISK,,,"rug_screen: RUG_RISK score=92 | hard_fail:mint_authority,freeze_authority,top10_holders,sell_route | warn:organic_buyers_5m"
2026-08-27 20:14:25,SCREEN,4kjruqGHDsSqkMdFfCjV7Vb62HPFhtXyWc2t6JpQzDnz,GTA6,,,,,,RUG_RISK,,,RUG_RISK score=92 | hard_fail:sell_route | warn:dev_history
2026-08-27 20:14:25,SKIP,4kjruqGHDsSqkMdFfCjV7Vb62HPFhtXyWc2t6JpQzDnz,GTA6,,,,,,RUG_RISK,,,rug_screen: RUG_RISK score=92 | hard_fail:sell_route | warn:dev_history
2026-08-27 20:14:30,SCREEN,SKHYhSjuRWHgikq8eRKbtBbpABgJSkd7ytQV14i9EQ3,SKHY,,,,,,RUG_RISK,,,"RUG_RISK score=92 | hard_fail:mint_authority,freeze_authority,top1_holder,top10_holders | warn:organic_buyers_5m"
2026-08-27 20:14:30,SKIP,SKHYhSjuRWHgikq8eRKbtBbpABgJSkd7ytQV14i9EQ3,SKHY,,,,,,RUG_RISK,,,"rug_screen: RUG_RISK score=92 | hard_fail:mint_authority,freeze_authority,top1_holder,top10_holders | warn:organic_buyers_5m"
2026-08-27 20:14:32,SCREEN,E3i7sTY5QYEBh3itepnomZQt7Eh5kzmHFk1vkm2pump,cc,,,,,,SAFE,,,SAFE score=92 | warn:organic_buyers_5m
2026-08-27 20:14:42,SCREEN,7n8kRipxAQBfpGQtcGA2AbkM2HASSVCzqZ5F3QEopump,Zoe,,,,,,SAFE,,,SAFE score=92 | warn:dev_history
2026-08-27 20:14:44,SCREEN,Ge87EtsjwRQbHaqQmKRno69RFTwh9bfSsm99XNxTpump,Jimothy,,,,,,SAFE,,,SAFE score=92 | warn:organic_buyers_5m
2026-08-27 20:14:56,SCREEN,zj1jpp7QMveWHLs61vL9KMZf254KvW7j4AAmBF8ry2k,BULLSHIT,,,,,,SAFE,,,SAFE score=100
2026-08-27 20:14:59,SCREEN,EhCzWhMyUAo87bQ663fV2A6reLhXgdhdcf9ynJV8pump,POKEMON,,,,,,RUG_RISK,,,"RUG_RISK score=82 | hard_fail:sell_route | warn:organic_buyers_5m,price_5m"
2026-08-27 20:14:59,SKIP,EhCzWhMyUAo87bQ663fV2A6reLhXgdhdcf9ynJV8pump,POKEMON,,,,,,RUG_RISK,,,"rug_screen: RUG_RISK score=82 | hard_fail:sell_route | warn:organic_buyers_5m,price_5m"
2026-08-27 20:15:28,SELL,AA33znW3bciXvrj8AUwPryVgDiasmEGxaqCwjHEWGdkd,b,breakout,0.0001093630,4.38,0.0409,-0.7036,,,rug_score=92;liq_usd=20551.7;mcap_usd=120993;vol24_usd=1.00847e+07;holders=2939;top1_pct=18.71;organic_score=75;chg5m_pct=6.93;chg1h_pct=13.22;chg24h_pct=328.48;organic_buyers_5m=5;buys_5m=17;sells_5m=9;dev_mints=16637;setup_breakout=1;setup_pullback=0;mv_return_pct=7.88;mv_drawdown_pct=0;mv_slope=3.2697;mv_late_slope=0;mv_vol_pct=1.387;mv_below_high_pct=0;mv_above_low_pct=7.88;mv_holder_growth=2.69;mv_liq_trend_pct=3.437,hard_stop (-12%)
2026-08-27 20:15:41,SKIP,HG3sZ52NRmNpm2BueL1MSBM3krr5M6YJtQohjNyhpump,BANDOS,,,,,,SAFE,bo:not_near_high (-22.5%); bo:window_flat (-22.5%); bo:1h_out_of_band (-38%); bo:5m_negative (-15.6%),,setup: bo:not_near_high (-22.5%); bo:window_flat (-22.5%); bo:1h_out_of_band (-38%); bo:5m_negative (-15.6%)
2026-08-27 20:16:04,SCREEN,6ismWYLTwvzngqAzeWLhAfq1jSY2yv8hG55te1HnTw9j,MUFASA,,,,,,SAFE,,,SAFE score=100
2026-08-27 20:16:08,SCREEN,DMXBsVBwfuzc5axa2vz6Ba2BzAxcUmn6V7ZtsJFEpump,TOADS,,,,,,RUG_RISK,,,RUG_RISK score=92 | hard_fail:sell_route | warn:dev_history
2026-08-27 20:16:08,SKIP,DMXBsVBwfuzc5axa2vz6Ba2BzAxcUmn6V7ZtsJFEpump,TOADS,,,,,,RUG_RISK,,,rug_screen: RUG_RISK score=92 | hard_fail:sell_route | warn:dev_history
2026-08-27 20:17:09,BUY,FZqdw6oSDCbHtKYxmhnfbi97SnyVy8jaYpdCoMrrjKa2,Pistacio,breakout,0.0044251857,4.30,0.0407,,SAFE,"breakout: -1.5% off high, 1h +8%, flow 70/72, late slope -1.09",rug_score=92;liq_usd=510726;mcap_usd=4.26653e+06;vol24_usd=1.06655e+07;holders=18882;top1_pct=12.72;organic_score=92.03;chg5m_pct=-0.92;chg1h_pct=8.27;chg24h_pct=-4.95;organic_buyers_5m=8;buys_5m=70;sells_5m=72;dev_mints=3888;setup_breakout=1;setup_pullback=0;mv_return_pct=0.204;mv_drawdown_pct=-1.533;mv_slope=0.1355;mv_late_slope=-1.0864;mv_vol_pct=0.94;mv_below_high_pct=-1.533;mv_above_low_pct=0.204;mv_holder_growth=-1.054;mv_liq_trend_pct=-0.287,breakout | stop 0.0038941634 | SAFE score=92 | warn:dev_history
2026-08-27 20:17:11,SKIP,E3i7sTY5QYEBh3itepnomZQt7Eh5kzmHFk1vkm2pump,cc,,,,,,,,,balance_too_low
2026-08-27 20:17:18,SKIP,7n8kRipxAQBfpGQtcGA2AbkM2HASSVCzqZ5F3QEopump,Zoe,,,,,,SAFE,bo:1h_out_of_band (-19%); bo:5m_negative (-6.3%); pb:1h_out_of_band (-19%); pb:dd_out_of_band (-0.0%),,setup: bo:1h_out_of_band (-19%); bo:5m_negative (-6.3%); pb:1h_out_of_band (-19%); pb:dd_out_of_band (-0.0%)
2026-08-27 20:17:20,SKIP,Ge87EtsjwRQbHaqQmKRno69RFTwh9bfSsm99XNxTpump,Jimothy,,,,,,,,,balance_too_low
2026-08-27 20:17:42,SKIP,zj1jpp7QMveWHLs61vL9KMZf254KvW7j4AAmBF8ry2k,BULLSHIT,,,,,,,,,balance_too_low
2026-08-27 20:18:38,SKIP,6ismWYLTwvzngqAzeWLhAfq1jSY2yv8hG55te1HnTw9j,MUFASA,,,,,,SAFE,bo:window_flat (-15.8%); bo:5m_negative (-16.1%); pb:still_dumping (-16.1%),,setup: bo:window_flat (-15.8%); bo:5m_negative (-16.1%); pb:still_dumping (-16.1%)
2026-08-27 20:20:28,SCREEN,TTWofwAge91oFhZs7kpQdyrVRkmevgM88xijGvQFbKo,TTWO,,,,,,RUG_RISK,,,"RUG_RISK score=92 | hard_fail:mint_authority,freeze_authority,top10_holders,sell_route | warn:organic_buyers_5m"
2026-08-27 20:20:28,SKIP,TTWofwAge91oFhZs7kpQdyrVRkmevgM88xijGvQFbKo,TTWO,,,,,,RUG_RISK,,,"rug_screen: RUG_RISK score=92 | hard_fail:mint_authority,freeze_authority,top10_holders,sell_route | warn:organic_buyers_5m"
2026-08-27 20:20:32,SCREEN,4kjruqGHDsSqkMdFfCjV7Vb62HPFhtXyWc2t6JpQzDnz,GTA6,,,,,,RUG_RISK,,,"RUG_RISK score=84 | hard_fail:sell_route | warn:dev_history,organic_buyers_5m"
2026-08-27 20:20:32,SKIP,4kjruqGHDsSqkMdFfCjV7Vb62HPFhtXyWc2t6JpQzDnz,GTA6,,,,,,RUG_RISK,,,"rug_screen: RUG_RISK score=84 | hard_fail:sell_route | warn:dev_history,organic_buyers_5m"
2026-08-27 20:20:36,SCREEN,SKHYhSjuRWHgikq8eRKbtBbpABgJSkd7ytQV14i9EQ3,SKHY,,,,,,RUG_RISK,,,"RUG_RISK score=92 | hard_fail:mint_authority,freeze_authority,top1_holder,top10_holders | warn:organic_buyers_5m"
2026-08-27 20:20:36,SKIP,SKHYhSjuRWHgikq8eRKbtBbpABgJSkd7ytQV14i9EQ3,SKHY,,,,,,RUG_RISK,,,"rug_screen: RUG_RISK score=92 | hard_fail:mint_authority,freeze_authority,top1_holder,top10_holders | warn:organic_buyers_5m"
2026-08-27 20:20:41,SCREEN,E3i7sTY5QYEBh3itepnomZQt7Eh5kzmHFk1vkm2pump,cc,,,,,,SAFE,,,SAFE score=92 | warn:organic_buyers_5m
2026-08-27 20:20:47,SCREEN,7n8kRipxAQBfpGQtcGA2AbkM2HASSVCzqZ5F3QEopump,Zoe,,,,,,SAFE,,,"SAFE score=84 | warn:dev_history,organic_buyers_5m"
2026-08-27 20:20:52,SCREEN,Ge87EtsjwRQbHaqQmKRno69RFTwh9bfSsm99XNxTpump,Jimothy,,,,,,SAFE,,,SAFE score=92 | warn:order_flow_5m
2026-08-27 20:20:58,SCREEN,zj1jpp7QMveWHLs61vL9KMZf254KvW7j4AAmBF8ry2k,BULLSHIT,,,,,,RUG_RISK,,,RUG_RISK score=100 | hard_fail:sell_route
2026-08-27 20:20:58,SKIP,zj1jpp7QMveWHLs61vL9KMZf254KvW7j4AAmBF8ry2k,BULLSHIT,,,,,,RUG_RISK,,,rug_screen: RUG_RISK score=100 | hard_fail:sell_route
2026-08-27 20:22:05,SCREEN,6ismWYLTwvzngqAzeWLhAfq1jSY2yv8hG55te1HnTw9j,MUFASA,,,,,,SAFE,,,SAFE score=100
2026-08-27 20:22:07,SCREEN,DMXBsVBwfuzc5axa2vz6Ba2BzAxcUmn6V7ZtsJFEpump,TOADS,,,,,,SAFE,,,SAFE score=92 | warn:dev_history
2026-08-27 20:23:44,SKIP,E3i7sTY5QYEBh3itepnomZQt7Eh5kzmHFk1vkm2pump,cc,,,,,,,,,balance_too_low
2026-08-27 20:23:45,SKIP,7n8kRipxAQBfpGQtcGA2AbkM2HASSVCzqZ5F3QEopump,Zoe,,,,,,SAFE,bo:1h_out_of_band (-20%); bo:5m_negative (-6.3%); bo:late_slope (-7.66); pb:1h_out_of_band (-20%),,setup: bo:1h_out_of_band (-20%); bo:5m_negative (-6.3%); bo:late_slope (-7.66); pb:1h_out_of_band (-20%)
2026-08-27 20:23:47,SKIP,Ge87EtsjwRQbHaqQmKRno69RFTwh9bfSsm99XNxTpump,Jimothy,,,,,,,,,balance_too_low
2026-08-27 20:24:54,SKIP,6ismWYLTwvzngqAzeWLhAfq1jSY2yv8hG55te1HnTw9j,MUFASA,,,,,,,,,balance_too_low
2026-08-27 20:24:55,SKIP,DMXBsVBwfuzc5axa2vz6Ba2BzAxcUmn6V7ZtsJFEpump,TOADS,,,,,,,,,balance_too_low
2026-08-27 20:26:30,SCREEN,TTWofwAge91oFhZs7kpQdyrVRkmevgM88xijGvQFbKo,TTWO,,,,,,RUG_RISK,,,"RUG_RISK score=92 | hard_fail:mint_authority,freeze_authority,top10_holders | warn:organic_buyers_5m"
2026-08-27 20:26:30,SKIP,TTWofwAge91oFhZs7kpQdyrVRkmevgM88xijGvQFbKo,TTWO,,,,,,RUG_RISK,,,"rug_screen: RUG_RISK score=92 | hard_fail:mint_authority,freeze_authority,top10_holders | warn:organic_buyers_5m"
2026-08-27 20:26:42,SCREEN,7n8kRipxAQBfpGQtcGA2AbkM2HASSVCzqZ5F3QEopump,Zoe,,,,,,SAFE,,,"SAFE score=74 | warn:dev_history,organic_buyers_5m,price_5m"
2026-08-27 20:26:44,SCREEN,4kjruqGHDsSqkMdFfCjV7Vb62HPFhtXyWc2t6JpQzDnz,GTA6,,,,,,RUG_RISK,,,"RUG_RISK score=84 | hard_fail:sell_route | warn:dev_history,organic_buyers_5m"
2026-08-27 20:26:44,SKIP,4kjruqGHDsSqkMdFfCjV7Vb62HPFhtXyWc2t6JpQzDnz,GTA6,,,,,,RUG_RISK,,,"rug_screen: RUG_RISK score=84 | hard_fail:sell_route | warn:dev_history,organic_buyers_5m"
2026-08-27 20:26:48,SCREEN,SKHYhSjuRWHgikq8eRKbtBbpABgJSkd7ytQV14i9EQ3,SKHY,,,,,,RUG_RISK,,,"RUG_RISK score=92 | hard_fail:mint_authority,freeze_authority,top1_holder,top10_holders,sell_route | warn:organic_buyers_5m"
2026-08-27 20:26:48,SKIP,SKHYhSjuRWHgikq8eRKbtBbpABgJSkd7ytQV14i9EQ3,SKHY,,,,,,RUG_RISK,,,"rug_screen: RUG_RISK score=92 | hard_fail:mint_authority,freeze_authority,top1_holder,top10_holders,sell_route | warn:organic_buyers_5m"
2026-08-27 20:26:51,SCREEN,E3i7sTY5QYEBh3itepnomZQt7Eh5kzmHFk1vkm2pump,cc,,,,,,SAFE,,,SAFE score=92 | warn:organic_buyers_5m
2026-08-27 20:26:57,SCREEN,Ge87EtsjwRQbHaqQmKRno69RFTwh9bfSsm99XNxTpump,Jimothy,,,,,,RUG_RISK,,,RUG_RISK score=100 | hard_fail:sell_route
2026-08-27 20:26:57,SKIP,Ge87EtsjwRQbHaqQmKRno69RFTwh9bfSsm99XNxTpump,Jimothy,,,,,,RUG_RISK,,,rug_screen: RUG_RISK score=100 | hard_fail:sell_route
2026-08-27 20:27:01,SCREEN,zj1jpp7QMveWHLs61vL9KMZf254KvW7j4AAmBF8ry2k,BULLSHIT,,,,,,SAFE,,,SAFE score=100
2026-08-27 20:28:26,SCREEN,6ismWYLTwvzngqAzeWLhAfq1jSY2yv8hG55te1HnTw9j,MUFASA,,,,,,SAFE,,,SAFE score=100
2026-08-27 20:29:30,SKIP,7n8kRipxAQBfpGQtcGA2AbkM2HASSVCzqZ5F3QEopump,Zoe,,,,,,SAFE,bo:1h_out_of_band (-28%); bo:5m_negative (-8.8%); pb:1h_out_of_band (-28%),,setup: bo:1h_out_of_band (-28%); bo:5m_negative (-8.8%); pb:1h_out_of_band (-28%)
2026-08-27 20:29:31,SKIP,E3i7sTY5QYEBh3itepnomZQt7Eh5kzmHFk1vkm2pump,cc,,,,,,,,,balance_too_low
2026-08-27 20:29:33,SKIP,zj1jpp7QMveWHLs61vL9KMZf254KvW7j4AAmBF8ry2k,BULLSHIT,,,,,,,,,balance_too_low
2026-08-27 20:30:59,SKIP,6ismWYLTwvzngqAzeWLhAfq1jSY2yv8hG55te1HnTw9j,MUFASA,,,,,,,,,balance_too_low
2026-08-27 20:32:36,SCREEN,TTWofwAge91oFhZs7kpQdyrVRkmevgM88xijGvQFbKo,TTWO,,,,,,RUG_RISK,,,"RUG_RISK score=92 | hard_fail:mint_authority,freeze_authority,top10_holders | warn:organic_buyers_5m"
2026-08-27 20:32:36,SKIP,TTWofwAge91oFhZs7kpQdyrVRkmevgM88xijGvQFbKo,TTWO,,,,,,RUG_RISK,,,"rug_screen: RUG_RISK score=92 | hard_fail:mint_authority,freeze_authority,top10_holders | warn:organic_buyers_5m"
2026-08-27 20:32:44,SCREEN,7n8kRipxAQBfpGQtcGA2AbkM2HASSVCzqZ5F3QEopump,Zoe,,,,,,RUG_RISK,,,RUG_RISK score=92 | hard_fail:sell_route | warn:dev_history
2026-08-27 20:32:44,SKIP,7n8kRipxAQBfpGQtcGA2AbkM2HASSVCzqZ5F3QEopump,Zoe,,,,,,RUG_RISK,,,rug_screen: RUG_RISK score=92 | hard_fail:sell_route | warn:dev_history
2026-08-27 20:32:52,SCREEN,4kjruqGHDsSqkMdFfCjV7Vb62HPFhtXyWc2t6JpQzDnz,GTA6,,,,,,SAFE,,,SAFE score=92 | warn:dev_history
2026-08-27 20:32:53,SCREEN,SKHYhSjuRWHgikq8eRKbtBbpABgJSkd7ytQV14i9EQ3,SKHY,,,,,,RUG_RISK,,,"RUG_RISK score=92 | hard_fail:mint_authority,freeze_authority,top1_holder,top10_holders,sell_route | warn:organic_buyers_5m"
2026-08-27 20:32:53,SKIP,SKHYhSjuRWHgikq8eRKbtBbpABgJSkd7ytQV14i9EQ3,SKHY,,,,,,RUG_RISK,,,"rug_screen: RUG_RISK score=92 | hard_fail:mint_authority,freeze_authority,top1_holder,top10_holders,sell_route | warn:organic_buyers_5m"
2026-08-27 20:33:03,SCREEN,E3i7sTY5QYEBh3itepnomZQt7Eh5kzmHFk1vkm2pump,cc,,,,,,SAFE,,,SAFE score=100
2026-08-27 20:33:12,SCREEN,Ge87EtsjwRQbHaqQmKRno69RFTwh9bfSsm99XNxTpump,Jimothy,,,,,,SAFE,,,SAFE score=100
2026-08-27 20:33:21,SCREEN,zj1jpp7QMveWHLs61vL9KMZf254KvW7j4AAmBF8ry2k,BULLSHIT,,,,,,SAFE,,,SAFE score=100
2026-08-27 20:35:34,SKIP,4kjruqGHDsSqkMdFfCjV7Vb62HPFhtXyWc2t6JpQzDnz,GTA6,,,,,,SAFE,bo:1h_out_of_band (-17%); bo:flow_weak (42/80); bo:late_slope (-11.74); pb:1h_out_of_band (-17%),,setup: bo:1h_out_of_band (-17%); bo:flow_weak (42/80); bo:late_slope (-11.74); pb:1h_out_of_band (-17%)
2026-08-27 20:35:36,SKIP,E3i7sTY5QYEBh3itepnomZQt7Eh5kzmHFk1vkm2pump,cc,,,,,,,,,balance_too_low
2026-08-27 20:35:58,SKIP,Ge87EtsjwRQbHaqQmKRno69RFTwh9bfSsm99XNxTpump,Jimothy,,,,,,,,,balance_too_low
2026-08-27 20:36:06,SKIP,zj1jpp7QMveWHLs61vL9KMZf254KvW7j4AAmBF8ry2k,BULLSHIT,,,,,,,,,balance_too_low
2026-08-27 20:37:35,SCALE,FZqdw6oSDCbHtKYxmhnfbi97SnyVy8jaYpdCoMrrjKa2,Pistacio,breakout,0.0055450904,,,,,,,"tp1 hit (1.25x) — stop->breakeven, trail 24%"
2026-08-27 20:38:43,SCREEN,TTWofwAge91oFhZs7kpQdyrVRkmevgM88xijGvQFbKo,TTWO,,,,,,RUG_RISK,,,"RUG_RISK score=92 | hard_fail:mint_authority,freeze_authority,top10_holders | warn:organic_buyers_5m"
2026-08-27 20:38:43,SKIP,TTWofwAge91oFhZs7kpQdyrVRkmevgM88xijGvQFbKo,TTWO,,,,,,RUG_RISK,,,"rug_screen: RUG_RISK score=92 | hard_fail:mint_authority,freeze_authority,top10_holders | warn:organic_buyers_5m"
2026-08-27 20:38:54,SCREEN,7n8kRipxAQBfpGQtcGA2AbkM2HASSVCzqZ5F3QEopump,Zoe,,,,,,RUG_RISK,,,RUG_RISK score=92 | hard_fail:sell_route | warn:dev_history
2026-08-27 20:38:54,SKIP,7n8kRipxAQBfpGQtcGA2AbkM2HASSVCzqZ5F3QEopump,Zoe,,,,,,RUG_RISK,,,rug_screen: RUG_RISK score=92 | hard_fail:sell_route | warn:dev_history
2026-08-27 20:39:01,SCREEN,4kjruqGHDsSqkMdFfCjV7Vb62HPFhtXyWc2t6JpQzDnz,GTA6,,,,,,SAFE,,,SAFE score=92 | warn:dev_history
2026-08-27 20:39:04,SCREEN,SKHYhSjuRWHgikq8eRKbtBbpABgJSkd7ytQV14i9EQ3,SKHY,,,,,,RUG_RISK,,,"RUG_RISK score=92 | hard_fail:mint_authority,freeze_authority,top1_holder,top10_holders | warn:organic_buyers_5m"
2026-08-27 20:39:04,SKIP,SKHYhSjuRWHgikq8eRKbtBbpABgJSkd7ytQV14i9EQ3,SKHY,,,,,,RUG_RISK,,,"rug_screen: RUG_RISK score=92 | hard_fail:mint_authority,freeze_authority,top1_holder,top10_holders | warn:organic_buyers_5m"
2026-08-27 20:39:14,SCREEN,E3i7sTY5QYEBh3itepnomZQt7Eh5kzmHFk1vkm2pump,cc,,,,,,SAFE,,,SAFE score=100
2026-08-27 20:39:18,SCREEN,Ge87EtsjwRQbHaqQmKRno69RFTwh9bfSsm99XNxTpump,Jimothy,,,,,,RUG_RISK,,,RUG_RISK score=100 | hard_fail:sell_route
2026-08-27 20:39:18,SKIP,Ge87EtsjwRQbHaqQmKRno69RFTwh9bfSsm99XNxTpump,Jimothy,,,,,,RUG_RISK,,,rug_screen: RUG_RISK score=100 | hard_fail:sell_route
2026-08-27 20:39:26,SCREEN,zj1jpp7QMveWHLs61vL9KMZf254KvW7j4AAmBF8ry2k,BULLSHIT,,,,,,SAFE,,,SAFE score=100
2026-08-27 20:40:52,SELL,hgin2YeSuc6JXDwiTKGxZaw1xkDHKicUAHPV3u9pump,PHASEONE,breakout,0.0000421896,4.40,0.0410,-0.6839,,,rug_score=84;liq_usd=10279.3;mcap_usd=46347.6;vol24_usd=4.8556e+06;holders=1519;top1_pct=22.2;organic_score=73.43;chg5m_pct=5.31;chg1h_pct=51.25;chg24h_pct=344.96;organic_buyers_5m=0;buys_5m=11;sells_5m=8;dev_mints=973;setup_breakout=1;setup_pullback=0;mv_return_pct=-5.229;mv_drawdown_pct=-5.229;mv_slope=-2.2301;mv_late_slope=0;mv_vol_pct=1.32;mv_below_high_pct=-5.229;mv_above_low_pct=0;mv_holder_growth=-1.177;mv_liq_trend_pct=-2.509,hard_stop (-12%)
2026-08-27 20:41:43,SKIP,4kjruqGHDsSqkMdFfCjV7Vb62HPFhtXyWc2t6JpQzDnz,GTA6,,,,,,SAFE,bo:1h_out_of_band (-16%); pb:1h_out_of_band (-16%); pb:dd_out_of_band (0.0%),,setup: bo:1h_out_of_band (-16%); pb:1h_out_of_band (-16%); pb:dd_out_of_band (0.0%)
2026-08-27 20:41:45,BUY,E3i7sTY5QYEBh3itepnomZQt7Eh5kzmHFk1vkm2pump,cc,breakout,0.0045015508,4.32,0.0408,,SAFE,"breakout: -0.8% off high, 1h +-1%, flow 16/17, late slope 0.00",rug_score=100;liq_usd=426670;mcap_usd=4.24656e+06;vol24_usd=3.97261e+06;holders=5603;top1_pct=18.3;organic_score=78.8;chg5m_pct=-0.72;chg1h_pct=-0.9;chg24h_pct=23.54;organic_buyers_5m=3;buys_5m=16;sells_5m=17;dev_mints=1;setup_breakout=1;setup_pullback=0;mv_return_pct=1.652;mv_drawdown_pct=-0.757;mv_slope=0.5421;mv_late_slope=0;mv_vol_pct=0.679;mv_below_high_pct=-0.757;mv_above_low_pct=1.652;mv_holder_growth=0.794;mv_liq_trend_pct=-0.609,breakout | stop 0.0039613647 | SAFE score=100
2026-08-27 20:42:04,SKIP,zj1jpp7QMveWHLs61vL9KMZf254KvW7j4AAmBF8ry2k,BULLSHIT,,,,,,,,,balance_too_low
2026-08-27 20:44:46,SCREEN,TTWofwAge91oFhZs7kpQdyrVRkmevgM88xijGvQFbKo,TTWO,,,,,,RUG_RISK,,,"RUG_RISK score=92 | hard_fail:mint_authority,freeze_authority,top10_holders | warn:organic_buyers_5m"
2026-08-27 20:44:46,SKIP,TTWofwAge91oFhZs7kpQdyrVRkmevgM88xijGvQFbKo,TTWO,,,,,,RUG_RISK,,,"rug_screen: RUG_RISK score=92 | hard_fail:mint_authority,freeze_authority,top10_holders | warn:organic_buyers_5m"
2026-08-27 20:44:57,SCREEN,7n8kRipxAQBfpGQtcGA2AbkM2HASSVCzqZ5F3QEopump,Zoe,,,,,,SAFE,,,SAFE score=92 | warn:dev_history
2026-08-27 20:44:59,SCREEN,4kjruqGHDsSqkMdFfCjV7Vb62HPFhtXyWc2t6JpQzDnz,GTA6,,,,,,RUG_RISK,,,RUG_RISK score=92 | hard_fail:sell_route | warn:dev_history
2026-08-27 20:44:59,SKIP,4kjruqGHDsSqkMdFfCjV7Vb62HPFhtXyWc2t6JpQzDnz,GTA6,,,,,,RUG_RISK,,,rug_screen: RUG_RISK score=92 | hard_fail:sell_route | warn:dev_history
2026-08-27 20:45:08,SCREEN,SKHYhSjuRWHgikq8eRKbtBbpABgJSkd7ytQV14i9EQ3,SKHY,,,,,,RUG_RISK,,,"RUG_RISK score=92 | hard_fail:mint_authority,freeze_authority,top1_holder,top10_holders | warn:organic_buyers_5m"
2026-08-27 20:45:08,SKIP,SKHYhSjuRWHgikq8eRKbtBbpABgJSkd7ytQV14i9EQ3,SKHY,,,,,,RUG_RISK,,,"rug_screen: RUG_RISK score=92 | hard_fail:mint_authority,freeze_authority,top1_holder,top10_holders | warn:organic_buyers_5m"
2026-08-27 20:45:12,SCREEN,Ge87EtsjwRQbHaqQmKRno69RFTwh9bfSsm99XNxTpump,Jimothy,,,,,,SAFE,,,SAFE score=100
2026-08-27 20:45:16,SCREEN,zj1jpp7QMveWHLs61vL9KMZf254KvW7j4AAmBF8ry2k,BULLSHIT,,,,,,RUG_RISK,,,RUG_RISK score=100 | hard_fail:sell_route
2026-08-27 20:45:16,SKIP,zj1jpp7QMveWHLs61vL9KMZf254KvW7j4AAmBF8ry2k,BULLSHIT,,,,,,RUG_RISK,,,rug_screen: RUG_RISK score=100 | hard_fail:sell_route
2026-08-27 20:45:22,SELL,FZqdw6oSDCbHtKYxmhnfbi97SnyVy8jaYpdCoMrrjKa2,Pistacio,breakout,0.0054003686,5.31,0.0433,0.9265,,,rug_score=92;liq_usd=510726;mcap_usd=4.26653e+06;vol24_usd=1.06655e+07;holders=18882;top1_pct=12.72;organic_score=92.03;chg5m_pct=-0.92;chg1h_pct=8.27;chg24h_pct=-4.95;organic_buyers_5m=8;buys_5m=70;sells_5m=72;dev_mints=3888;setup_breakout=1;setup_pullback=0;mv_return_pct=0.204;mv_drawdown_pct=-1.533;mv_slope=0.1355;mv_late_slope=-1.0864;mv_vol_pct=0.94;mv_below_high_pct=-1.533;mv_above_low_pct=0.204;mv_holder_growth=-1.054;mv_liq_trend_pct=-0.287,rug_tripwire_liq (-35% vs entry)
2026-08-27 20:47:25,SCREEN,GUmbtfjSZkybSFgPibBcvwExEBdXwewJHR5PkTjzpump,Morty,,,,,,SAFE,,,SAFE score=100
2026-08-27 20:47:44,SKIP,7n8kRipxAQBfpGQtcGA2AbkM2HASSVCzqZ5F3QEopump,Zoe,,,,,,SAFE,bo:window_flat (-9.7%); bo:1h_out_of_band (-38%); bo:5m_negative (-11.2%); bo:late_slope (-7.00),,setup: bo:window_flat (-9.7%); bo:1h_out_of_band (-38%); bo:5m_negative (-11.2%); bo:late_slope (-7.00)
2026-08-27 20:47:46,BUY,Ge87EtsjwRQbHaqQmKRno69RFTwh9bfSsm99XNxTpump,Jimothy,breakout,0.0168610516,5.00,0.0425,,SAFE,"breakout: -0.1% off high, 1h +-3%, flow 47/50, late slope 1.10",rug_score=100;liq_usd=1.12854e+06;mcap_usd=1.666e+07;vol24_usd=3.3661e+06;holders=30894;top1_pct=12.8;organic_score=89.9;chg5m_pct=2.06;chg1h_pct=-2.58;chg24h_pct=-4.34;organic_buyers_5m=4;buys_5m=47;sells_5m=50;dev_mints=108;setup_breakout=1;setup_pullback=0;mv_return_pct=0.154;mv_drawdown_pct=-0.08;mv_slope=0.0535;mv_late_slope=1.1045;mv_vol_pct=0.38;mv_below_high_pct=-0.08;mv_above_low_pct=0.756;mv_holder_growth=0.439;mv_liq_trend_pct=-0.129,breakout | stop 0.0148377254 | SAFE score=100
2026-08-27 20:50:01,SKIP,GUmbtfjSZkybSFgPibBcvwExEBdXwewJHR5PkTjzpump,Morty,,,,,,,,,balance_too_low
2026-08-27 20:50:49,SCREEN,TTWofwAge91oFhZs7kpQdyrVRkmevgM88xijGvQFbKo,TTWO,,,,,,RUG_RISK,,,"RUG_RISK score=92 | hard_fail:mint_authority,freeze_authority,top10_holders | warn:organic_buyers_5m"
2026-08-27 20:50:49,SKIP,TTWofwAge91oFhZs7kpQdyrVRkmevgM88xijGvQFbKo,TTWO,,,,,,RUG_RISK,,,"rug_screen: RUG_RISK score=92 | hard_fail:mint_authority,freeze_authority,top10_holders | warn:organic_buyers_5m"
2026-08-27 20:50:54,SCREEN,7n8kRipxAQBfpGQtcGA2AbkM2HASSVCzqZ5F3QEopump,Zoe,,,,,,RUG_RISK,,,"RUG_RISK score=82 | hard_fail:sell_route | warn:dev_history,price_5m"
2026-08-27 20:50:54,SKIP,7n8kRipxAQBfpGQtcGA2AbkM2HASSVCzqZ5F3QEopump,Zoe,,,,,,RUG_RISK,,,"rug_screen: RUG_RISK score=82 | hard_fail:sell_route | warn:dev_history,price_5m"
2026-08-27 20:50:59,SCREEN,4kjruqGHDsSqkMdFfCjV7Vb62HPFhtXyWc2t6JpQzDnz,GTA6,,,,,,SAFE,,,SAFE score=92 | warn:dev_history
2026-08-27 20:51:01,SCREEN,SKHYhSjuRWHgikq8eRKbtBbpABgJSkd7ytQV14i9EQ3,SKHY,,,,,,RUG_RISK,,,"RUG_RISK score=92 | hard_fail:mint_authority,freeze_authority,top1_holder,top10_holders | warn:organic_buyers_5m"
2026-08-27 20:51:01,SKIP,SKHYhSjuRWHgikq8eRKbtBbpABgJSkd7ytQV14i9EQ3,SKHY,,,,,,RUG_RISK,,,"rug_screen: RUG_RISK score=92 | hard_fail:mint_authority,freeze_authority,top1_holder,top10_holders | warn:organic_buyers_5m"
2026-08-27 20:51:10,SCREEN,zj1jpp7QMveWHLs61vL9KMZf254KvW7j4AAmBF8ry2k,BULLSHIT,,,,,,SAFE,,,SAFE score=100
2026-08-27 20:53:29,SKIP,4kjruqGHDsSqkMdFfCjV7Vb62HPFhtXyWc2t6JpQzDnz,GTA6,,,,,,SAFE,bo:1h_out_of_band (-8%); bo:late_slope (-3.06); pb:1h_out_of_band (-8%); pb:not_turning (-3.06),,setup: bo:1h_out_of_band (-8%); bo:late_slope (-3.06); pb:1h_out_of_band (-8%); pb:not_turning (-3.06)
2026-08-27 20:53:42,SKIP,zj1jpp7QMveWHLs61vL9KMZf254KvW7j4AAmBF8ry2k,BULLSHIT,,,,,,,,,balance_too_low
2026-08-27 20:56:58,SCREEN,TTWofwAge91oFhZs7kpQdyrVRkmevgM88xijGvQFbKo,TTWO,,,,,,RUG_RISK,,,"RUG_RISK score=92 | hard_fail:mint_authority,freeze_authority,top10_holders | warn:organic_buyers_5m"
2026-08-27 20:56:58,SKIP,TTWofwAge91oFhZs7kpQdyrVRkmevgM88xijGvQFbKo,TTWO,,,,,,RUG_RISK,,,"rug_screen: RUG_RISK score=92 | hard_fail:mint_authority,freeze_authority,top10_holders | warn:organic_buyers_5m"
2026-08-27 20:57:06,SCREEN,7n8kRipxAQBfpGQtcGA2AbkM2HASSVCzqZ5F3QEopump,Zoe,,,,,,SAFE,,,"SAFE score=84 | warn:dev_history,order_flow_5m"
2026-08-27 20:57:15,SCREEN,4kjruqGHDsSqkMdFfCjV7Vb62HPFhtXyWc2t6JpQzDnz,GTA6,,,,,,SAFE,,,SAFE score=92 | warn:dev_history
2026-08-27 20:57:20,SCREEN,SKHYhSjuRWHgikq8eRKbtBbpABgJSkd7ytQV14i9EQ3,SKHY,,,,,,RUG_RISK,,,"RUG_RISK score=92 | hard_fail:mint_authority,freeze_authority,top1_holder,top10_holders | warn:organic_buyers_5m"
2026-08-27 20:57:20,SKIP,SKHYhSjuRWHgikq8eRKbtBbpABgJSkd7ytQV14i9EQ3,SKHY,,,,,,RUG_RISK,,,"rug_screen: RUG_RISK score=92 | hard_fail:mint_authority,freeze_authority,top1_holder,top10_holders | warn:organic_buyers_5m"
2026-08-27 20:57:22,SCREEN,zj1jpp7QMveWHLs61vL9KMZf254KvW7j4AAmBF8ry2k,BULLSHIT,,,,,,SAFE,,,SAFE score=100
2026-08-27 20:57:29,SCREEN,EhCzWhMyUAo87bQ663fV2A6reLhXgdhdcf9ynJV8pump,POKEMON,,,,,,SAFE,,,SAFE score=100
2026-08-27 20:58:15,SCREEN,GUmbtfjSZkybSFgPibBcvwExEBdXwewJHR5PkTjzpump,Morty,,,,,,SAFE,,,SAFE score=100
2026-08-27 20:59:55,SKIP,7n8kRipxAQBfpGQtcGA2AbkM2HASSVCzqZ5F3QEopump,Zoe,,,,,,SAFE,bo:1h_out_of_band (-21%); bo:flow_weak (87/162); bo:late_slope (-15.34); pb:1h_out_of_band (-21%),,setup: bo:1h_out_of_band (-21%); bo:flow_weak (87/162); bo:late_slope (-15.34); pb:1h_out_of_band (-21%)
2026-08-27 20:59:56,SKIP,4kjruqGHDsSqkMdFfCjV7Vb62HPFhtXyWc2t6JpQzDnz,GTA6,,,,,,SAFE,bo:1h_out_of_band (-8%); bo:late_slope (-6.37); pb:1h_out_of_band (-8%); pb:not_turning (-6.37),,setup: bo:1h_out_of_band (-8%); bo:late_slope (-6.37); pb:1h_out_of_band (-8%); pb:not_turning (-6.37)
2026-08-27 20:59:58,SKIP,zj1jpp7QMveWHLs61vL9KMZf254KvW7j4AAmBF8ry2k,BULLSHIT,,,,,,SAFE,bo:flow_weak (22/45); bo:late_slope (-7.12); pb:not_turning (-7.12),,setup: bo:flow_weak (22/45); bo:late_slope (-7.12); pb:not_turning (-7.12)
2026-08-27 20:59:59,SKIP,EhCzWhMyUAo87bQ663fV2A6reLhXgdhdcf9ynJV8pump,POKEMON,,,,,,SAFE,bo:5m_negative (-14.7%); pb:dd_out_of_band (-0.0%); pb:still_dumping (-14.7%),,setup: bo:5m_negative (-14.7%); pb:dd_out_of_band (-0.0%); pb:still_dumping (-14.7%)
2026-08-27 21:01:01,SKIP,GUmbtfjSZkybSFgPibBcvwExEBdXwewJHR5PkTjzpump,Morty,,,,,,,,,balance_too_low
2026-08-27 21:02:57,SCREEN,TTWofwAge91oFhZs7kpQdyrVRkmevgM88xijGvQFbKo,TTWO,,,,,,RUG_RISK,,,"RUG_RISK score=92 | hard_fail:mint_authority,freeze_authority,top10_holders | warn:organic_buyers_5m"
2026-08-27 21:02:57,SKIP,TTWofwAge91oFhZs7kpQdyrVRkmevgM88xijGvQFbKo,TTWO,,,,,,RUG_RISK,,,"rug_screen: RUG_RISK score=92 | hard_fail:mint_authority,freeze_authority,top10_holders | warn:organic_buyers_5m"
2026-08-27 21:03:01,SCREEN,7n8kRipxAQBfpGQtcGA2AbkM2HASSVCzqZ5F3QEopump,Zoe,,,,,,RUG_RISK,,,RUG_RISK score=92 | hard_fail:sell_route | warn:dev_history
2026-08-27 21:03:01,SKIP,7n8kRipxAQBfpGQtcGA2AbkM2HASSVCzqZ5F3QEopump,Zoe,,,,,,RUG_RISK,,,rug_screen: RUG_RISK score=92 | hard_fail:sell_route | warn:dev_history
2026-08-27 21:03:06,SCREEN,4kjruqGHDsSqkMdFfCjV7Vb62HPFhtXyWc2t6JpQzDnz,GTA6,,,,,,SAFE,,,"SAFE score=84 | warn:dev_history,order_flow_5m"
2026-08-27 21:03:13,SCREEN,SKHYhSjuRWHgikq8eRKbtBbpABgJSkd7ytQV14i9EQ3,SKHY,,,,,,RUG_RISK,,,"RUG_RISK score=92 | hard_fail:mint_authority,freeze_authority,top1_holder,top10_holders | warn:organic_buyers_5m"
2026-08-27 21:03:13,SKIP,SKHYhSjuRWHgikq8eRKbtBbpABgJSkd7ytQV14i9EQ3,SKHY,,,,,,RUG_RISK,,,"rug_screen: RUG_RISK score=92 | hard_fail:mint_authority,freeze_authority,top1_holder,top10_holders | warn:organic_buyers_5m"
2026-08-27 21:03:18,SCREEN,zj1jpp7QMveWHLs61vL9KMZf254KvW7j4AAmBF8ry2k,BULLSHIT,,,,,,SAFE,,,SAFE score=92 | warn:order_flow_5m
2026-08-27 21:05:27,SCREEN,FZqdw6oSDCbHtKYxmhnfbi97SnyVy8jaYpdCoMrrjKa2,Pistacio,,,,,,SAFE,,,"SAFE score=82 | warn:dev_history,price_5m"
2026-08-27 21:05:29,SCREEN,TTWofwAge91oFhZs7kpQdyrVRkmevgM88xijGvQFbKo,TTWO,,,,,,RUG_RISK,,,"RUG_RISK score=92 | hard_fail:mint_authority,freeze_authority,top10_holders | warn:organic_buyers_5m"
2026-08-27 21:05:29,SKIP,TTWofwAge91oFhZs7kpQdyrVRkmevgM88xijGvQFbKo,TTWO,,,,,,RUG_RISK,,,"rug_screen: RUG_RISK score=92 | hard_fail:mint_authority,freeze_authority,top10_holders | warn:organic_buyers_5m"
2026-08-27 21:05:34,SCREEN,7n8kRipxAQBfpGQtcGA2AbkM2HASSVCzqZ5F3QEopump,Zoe,,,,,,SAFE,,,SAFE score=92 | warn:dev_history
2026-08-27 21:05:39,SCREEN,6GmAFSYs4gk3FDao5FzzySQpPZaWsa4rUJHacpMpUNgx,STONK,,,,,,RUG_RISK,,,"RUG_RISK score=84 | hard_fail:sell_route | warn:dev_history,organic_buyers_5m"
2026-08-27 21:05:39,SKIP,6GmAFSYs4gk3FDao5FzzySQpPZaWsa4rUJHacpMpUNgx,STONK,,,,,,RUG_RISK,,,"rug_screen: RUG_RISK score=84 | hard_fail:sell_route | warn:dev_history,organic_buyers_5m"
2026-08-27 21:05:43,SCREEN,4kjruqGHDsSqkMdFfCjV7Vb62HPFhtXyWc2t6JpQzDnz,GTA6,,,,,,SAFE,,,SAFE score=92 | warn:dev_history
2026-08-27 21:05:47,SCREEN,SKHYhSjuRWHgikq8eRKbtBbpABgJSkd7ytQV14i9EQ3,SKHY,,,,,,RUG_RISK,,,"RUG_RISK score=92 | hard_fail:mint_authority,freeze_authority,top1_holder,top10_holders | warn:organic_buyers_5m"
2026-08-27 21:05:47,SKIP,SKHYhSjuRWHgikq8eRKbtBbpABgJSkd7ytQV14i9EQ3,SKHY,,,,,,RUG_RISK,,,"rug_screen: RUG_RISK score=92 | hard_fail:mint_authority,freeze_authority,top1_holder,top10_holders | warn:organic_buyers_5m"
2026-08-27 21:05:50,SCREEN,E3i7sTY5QYEBh3itepnomZQt7Eh5kzmHFk1vkm2pump,cc,,,,,,SAFE,,,SAFE score=92 | warn:organic_buyers_5m
2026-08-27 21:05:54,SCREEN,Ge87EtsjwRQbHaqQmKRno69RFTwh9bfSsm99XNxTpump,Jimothy,,,,,,RUG_RISK,,,RUG_RISK score=92 | hard_fail:sell_route | warn:order_flow_5m
2026-08-27 21:05:54,SKIP,Ge87EtsjwRQbHaqQmKRno69RFTwh9bfSsm99XNxTpump,Jimothy,,,,,,RUG_RISK,,,rug_screen: RUG_RISK score=92 | hard_fail:sell_route | warn:order_flow_5m
2026-08-27 21:05:59,SCREEN,zj1jpp7QMveWHLs61vL9KMZf254KvW7j4AAmBF8ry2k,BULLSHIT,,,,,,SAFE,,,SAFE score=100
2026-08-27 21:08:09,SCREEN,GUmbtfjSZkybSFgPibBcvwExEBdXwewJHR5PkTjzpump,Morty,,,,,,SAFE,,,SAFE score=92 | warn:organic_buyers_5m
2026-08-27 21:08:10,SKIP,FZqdw6oSDCbHtKYxmhnfbi97SnyVy8jaYpdCoMrrjKa2,Pistacio,,,,,,SAFE,bo:5m_negative (-6.0%); bo:flow_weak (781/762); bo:late_slope (-3.85),,setup: bo:5m_negative (-6.0%); bo:flow_weak (781/762); bo:late_slope (-3.85)
2026-08-27 21:08:11,SKIP,7n8kRipxAQBfpGQtcGA2AbkM2HASSVCzqZ5F3QEopump,Zoe,,,,,,SAFE,bo:window_flat (-1.6%); bo:1h_out_of_band (-26%); bo:5m_negative (-4.6%); bo:flow_weak (39/66),,setup: bo:window_flat (-1.6%); bo:1h_out_of_band (-26%); bo:5m_negative (-4.6%); bo:flow_weak (39/66)
2026-08-27 21:08:22,SKIP,4kjruqGHDsSqkMdFfCjV7Vb62HPFhtXyWc2t6JpQzDnz,GTA6,,,,,,SAFE,bo:window_flat (-1.0%); bo:1h_out_of_band (-13%); bo:5m_negative (-1.1%); bo:flow_weak (36/61),,setup: bo:window_flat (-1.0%); bo:1h_out_of_band (-13%); bo:5m_negative (-1.1%); bo:flow_weak (36/61)
2026-08-27 21:08:22,SKIP,E3i7sTY5QYEBh3itepnomZQt7Eh5kzmHFk1vkm2pump,cc,,,,,,SAFE,bo:window_flat (-0.2%),,setup: bo:window_flat (-0.2%)
2026-08-27 21:08:33,SKIP,zj1jpp7QMveWHLs61vL9KMZf254KvW7j4AAmBF8ry2k,BULLSHIT,,,,,,SAFE,bo:late_slope (-2.94),,setup: bo:late_slope (-2.94)
2026-08-27 21:10:40,BUY,GUmbtfjSZkybSFgPibBcvwExEBdXwewJHR5PkTjzpump,Morty,breakout,0.0014561562,3.00,0.0375,,SAFE,"breakout: -1.8% off high, 1h +4%, flow 18/15, late slope 0.00",rug_score=92;liq_usd=163306;mcap_usd=1.37727e+06;vol24_usd=2.28034e+06;holders=6770;top1_pct=17.36;organic_score=75;chg5m_pct=3.15;chg1h_pct=4.05;chg24h_pct=-14.38;organic_buyers_5m=1;buys_5m=18;sells_5m=15;dev_mints=110;setup_breakout=1;setup_pullback=0;mv_return_pct=1.076;mv_drawdown_pct=-1.799;mv_slope=-0.0758;mv_late_slope=0;mv_vol_pct=1.048;mv_below_high_pct=-1.799;mv_above_low_pct=1.452;mv_holder_growth=0.83;mv_liq_trend_pct=0.658,breakout | stop 0.0013542252 | SAFE score=92 | warn:organic_buyers_5m
2026-08-27 21:11:34,SCREEN,FZqdw6oSDCbHtKYxmhnfbi97SnyVy8jaYpdCoMrrjKa2,Pistacio,,,,,,SAFE,,,SAFE score=92 | warn:dev_history
2026-08-27 21:11:37,SCREEN,TTWofwAge91oFhZs7kpQdyrVRkmevgM88xijGvQFbKo,TTWO,,,,,,RUG_RISK,,,"RUG_RISK score=92 | hard_fail:mint_authority,freeze_authority,top10_holders | warn:organic_buyers_5m"
2026-08-27 21:11:37,SKIP,TTWofwAge91oFhZs7kpQdyrVRkmevgM88xijGvQFbKo,TTWO,,,,,,RUG_RISK,,,"rug_screen: RUG_RISK score=92 | hard_fail:mint_authority,freeze_authority,top10_holders | warn:organic_buyers_5m"
2026-08-27 21:11:42,SCREEN,7n8kRipxAQBfpGQtcGA2AbkM2HASSVCzqZ5F3QEopump,Zoe,,,,,,SAFE,,,SAFE score=92 | warn:dev_history
2026-08-27 21:11:45,SCREEN,6GmAFSYs4gk3FDao5FzzySQpPZaWsa4rUJHacpMpUNgx,STONK,,,,,,SAFE,,,"SAFE score=84 | warn:dev_history,organic_buyers_5m"
2026-08-27 21:11:53,SCREEN,4kjruqGHDsSqkMdFfCjV7Vb62HPFhtXyWc2t6JpQzDnz,GTA6,,,,,,SAFE,,,SAFE score=92 | warn:dev_history
2026-08-27 21:11:55,SCREEN,SKHYhSjuRWHgikq8eRKbtBbpABgJSkd7ytQV14i9EQ3,SKHY,,,,,,RUG_RISK,,,"RUG_RISK score=92 | hard_fail:mint_authority,freeze_authority,top1_holder,top10_holders | warn:organic_buyers_5m"
2026-08-27 21:11:55,SKIP,SKHYhSjuRWHgikq8eRKbtBbpABgJSkd7ytQV14i9EQ3,SKHY,,,,,,RUG_RISK,,,"rug_screen: RUG_RISK score=92 | hard_fail:mint_authority,freeze_authority,top1_holder,top10_holders | warn:organic_buyers_5m"
2026-08-27 21:11:57,SCREEN,E3i7sTY5QYEBh3itepnomZQt7Eh5kzmHFk1vkm2pump,cc,,,,,,SAFE,,,SAFE score=92 | warn:organic_buyers_5m
2026-08-27 21:12:05,SCREEN,Ge87EtsjwRQbHaqQmKRno69RFTwh9bfSsm99XNxTpump,Jimothy,,,,,,SAFE,,,SAFE score=100
2026-08-27 21:12:11,SCREEN,zj1jpp7QMveWHLs61vL9KMZf254KvW7j4AAmBF8ry2k,BULLSHIT,,,,,,SAFE,,,SAFE score=100
2026-08-27 21:14:25,SKIP,FZqdw6oSDCbHtKYxmhnfbi97SnyVy8jaYpdCoMrrjKa2,Pistacio,,,,,,SAFE,bo:window_flat (-3.2%); bo:5m_negative (-2.4%); bo:flow_weak (546/534),,setup: bo:window_flat (-3.2%); bo:5m_negative (-2.4%); bo:flow_weak (546/534)
2026-08-27 21:14:27,SKIP,7n8kRipxAQBfpGQtcGA2AbkM2HASSVCzqZ5F3QEopump,Zoe,,,,,,SAFE,bo:window_flat (-4.1%); bo:1h_out_of_band (-22%); bo:5m_negative (-1.6%); bo:flow_weak (85/74),,setup: bo:window_flat (-4.1%); bo:1h_out_of_band (-22%); bo:5m_negative (-1.6%); bo:flow_weak (85/74)
2026-08-27 21:14:29,SKIP,6GmAFSYs4gk3FDao5FzzySQpPZaWsa4rUJHacpMpUNgx,STONK,,,,,,SAFE,bo:window_flat (-0.7%); bo:1h_out_of_band (-1%); bo:5m_negative (-0.7%); bo:flow_weak (14/25),,setup: bo:window_flat (-0.7%); bo:1h_out_of_band (-1%); bo:5m_negative (-0.7%); bo:flow_weak (14/25)
2026-08-27 21:14:32,SKIP,4kjruqGHDsSqkMdFfCjV7Vb62HPFhtXyWc2t6JpQzDnz,GTA6,,,,,,SAFE,bo:1h_out_of_band (-15%); bo:5m_negative (-7.2%); bo:flow_weak (26/49),,setup: bo:1h_out_of_band (-15%); bo:5m_negative (-7.2%); bo:flow_weak (26/49)
2026-08-27 21:14:33,SKIP,E3i7sTY5QYEBh3itepnomZQt7Eh5kzmHFk1vkm2pump,cc,,,,,,SAFE,bo:window_flat (-0.0%); bo:5m_negative (-0.1%); bo:flow_weak (9/10),,setup: bo:window_flat (-0.0%); bo:5m_negative (-0.1%); bo:flow_weak (9/10)
2026-08-27 21:14:43,SKIP,Ge87EtsjwRQbHaqQmKRno69RFTwh9bfSsm99XNxTpump,Jimothy,,,,,,SAFE,bo:window_flat (-2.4%); bo:1h_out_of_band (-6%); bo:5m_negative (-2.4%),,setup: bo:window_flat (-2.4%); bo:1h_out_of_band (-6%); bo:5m_negative (-2.4%)
2026-08-27 21:14:44,SKIP,zj1jpp7QMveWHLs61vL9KMZf254KvW7j4AAmBF8ry2k,BULLSHIT,,,,,,SAFE,bo:flow_weak (71/83),,setup: bo:flow_weak (71/83)
2026-08-27 21:17:18,SCREEN,AA33znW3bciXvrj8AUwPryVgDiasmEGxaqCwjHEWGdkd,b,,,,,,SAFE,,,"SAFE score=84 | warn:dev_history,organic_buyers_5m"
2026-08-27 21:17:30,SCREEN,FZqdw6oSDCbHtKYxmhnfbi97SnyVy8jaYpdCoMrrjKa2,Pistacio,,,,,,SAFE,,,SAFE score=92 | warn:dev_history
2026-08-27 21:17:33,SCREEN,TTWofwAge91oFhZs7kpQdyrVRkmevgM88xijGvQFbKo,TTWO,,,,,,RUG_RISK,,,"RUG_RISK score=92 | hard_fail:mint_authority,freeze_authority,top10_holders | warn:organic_buyers_5m"
2026-08-27 21:17:33,SKIP,TTWofwAge91oFhZs7kpQdyrVRkmevgM88xijGvQFbKo,TTWO,,,,,,RUG_RISK,,,"rug_screen: RUG_RISK score=92 | hard_fail:mint_authority,freeze_authority,top10_holders | warn:organic_buyers_5m"
2026-08-27 21:17:36,SCREEN,7n8kRipxAQBfpGQtcGA2AbkM2HASSVCzqZ5F3QEopump,Zoe,,,,,,SAFE,,,SAFE score=92 | warn:dev_history
2026-08-27 21:17:41,SCREEN,6GmAFSYs4gk3FDao5FzzySQpPZaWsa4rUJHacpMpUNgx,STONK,,,,,,SAFE,,,"SAFE score=84 | warn:dev_history,organic_buyers_5m"
2026-08-27 21:17:45,SCREEN,4kjruqGHDsSqkMdFfCjV7Vb62HPFhtXyWc2t6JpQzDnz,GTA6,,,,,,SAFE,,,SAFE score=92 | warn:dev_history
2026-08-27 21:17:47,SCREEN,SKHYhSjuRWHgikq8eRKbtBbpABgJSkd7ytQV14i9EQ3,SKHY,,,,,,RUG_RISK,,,"RUG_RISK score=92 | hard_fail:mint_authority,freeze_authority,top1_holder,top10_holders | warn:organic_buyers_5m"
2026-08-27 21:17:47,SKIP,SKHYhSjuRWHgikq8eRKbtBbpABgJSkd7ytQV14i9EQ3,SKHY,,,,,,RUG_RISK,,,"rug_screen: RUG_RISK score=92 | hard_fail:mint_authority,freeze_authority,top1_holder,top10_holders | warn:organic_buyers_5m"
2026-08-27 21:17:51,SCREEN,E3i7sTY5QYEBh3itepnomZQt7Eh5kzmHFk1vkm2pump,cc,,,,,,SAFE,,,"SAFE score=84 | warn:organic_buyers_5m,order_flow_5m"
2026-08-27 21:17:55,SCREEN,Ge87EtsjwRQbHaqQmKRno69RFTwh9bfSsm99XNxTpump,Jimothy,,,,,,SAFE,,,SAFE score=100
2026-08-27 21:17:58,SCREEN,zj1jpp7QMveWHLs61vL9KMZf254KvW7j4AAmBF8ry2k,BULLSHIT,,,,,,SAFE,,,SAFE score=100
2026-08-27 21:18:01,SCREEN,EhCzWhMyUAo87bQ663fV2A6reLhXgdhdcf9ynJV8pump,POKEMON,,,,,,SAFE,,,SAFE score=100
2026-08-27 21:19:51,SKIP,AA33znW3bciXvrj8AUwPryVgDiasmEGxaqCwjHEWGdkd,b,,,,,,SAFE,bo:window_flat (-4.4%); bo:1h_out_of_band (-12%); bo:5m_negative (-5.8%),,setup: bo:window_flat (-4.4%); bo:1h_out_of_band (-12%); bo:5m_negative (-5.8%)
2026-08-27 21:20:27,SKIP,FZqdw6oSDCbHtKYxmhnfbi97SnyVy8jaYpdCoMrrjKa2,Pistacio,,,,,,SAFE,bo:flow_weak (523/546); bo:late_slope (-2.28),,setup: bo:flow_weak (523/546); bo:late_slope (-2.28)
2026-08-27 21:20:30,SKIP,7n8kRipxAQBfpGQtcGA2AbkM2HASSVCzqZ5F3QEopump,Zoe,,,,,,SAFE,bo:window_flat (-3.7%); bo:1h_out_of_band (-22%); bo:5m_negative (-3.0%); bo:flow_weak (44/63),,setup: bo:window_flat (-3.7%); bo:1h_out_of_band (-22%); bo:5m_negative (-3.0%); bo:flow_weak (44/63)
2026-08-27 21:20:32,SKIP,6GmAFSYs4gk3FDao5FzzySQpPZaWsa4rUJHacpMpUNgx,STONK,,,,,,SAFE,bo:window_flat (-1.5%); bo:1h_out_of_band (-3%); bo:5m_negative (-1.5%); bo:flow_weak (14/23),,setup: bo:window_flat (-1.5%); bo:1h_out_of_band (-3%); bo:5m_negative (-1.5%); bo:flow_weak (14/23)
2026-08-27 21:20:36,SKIP,4kjruqGHDsSqkMdFfCjV7Vb62HPFhtXyWc2t6JpQzDnz,GTA6,,,,,,SAFE,bo:window_flat (-3.6%); bo:1h_out_of_band (-16%); bo:5m_negative (-0.5%),,setup: bo:window_flat (-3.6%); bo:1h_out_of_band (-16%); bo:5m_negative (-0.5%)
2026-08-27 21:20:40,SKIP,E3i7sTY5QYEBh3itepnomZQt7Eh5kzmHFk1vkm2pump,cc,,,,,,SAFE,bo:window_flat (-0.7%); bo:1h_out_of_band (1%); bo:5m_negative (-0.4%); bo:flow_weak (7/16),,setup: bo:window_flat (-0.7%); bo:1h_out_of_band (1%); bo:5m_negative (-0.4%); bo:flow_weak (7/16)
2026-08-27 21:20:43,SKIP,Ge87EtsjwRQbHaqQmKRno69RFTwh9bfSsm99XNxTpump,Jimothy,,,,,,SAFE,bo:1h_out_of_band (-5%),,setup: bo:1h_out_of_band (-5%)
2026-08-27 21:20:47,SKIP,zj1jpp7QMveWHLs61vL9KMZf254KvW7j4AAmBF8ry2k,BULLSHIT,,,,,,SAFE,bo:window_flat (-1.1%); bo:5m_negative (-1.2%); bo:flow_weak (21/29),,setup: bo:window_flat (-1.1%); bo:5m_negative (-1.2%); bo:flow_weak (21/29)
2026-08-27 21:20:49,SKIP,EhCzWhMyUAo87bQ663fV2A6reLhXgdhdcf9ynJV8pump,POKEMON,,,,,,SAFE,bo:window_flat (-3.4%),,setup: bo:window_flat (-3.4%)
2026-08-27 21:23:32,SCREEN,FZqdw6oSDCbHtKYxmhnfbi97SnyVy8jaYpdCoMrrjKa2,Pistacio,,,,,,SAFE,,,SAFE score=92 | warn:dev_history
2026-08-27 21:23:34,SCREEN,TTWofwAge91oFhZs7kpQdyrVRkmevgM88xijGvQFbKo,TTWO,,,,,,RUG_RISK,,,"RUG_RISK score=92 | hard_fail:mint_authority,freeze_authority | warn:organic_buyers_5m"
2026-08-27 21:23:34,SKIP,TTWofwAge91oFhZs7kpQdyrVRkmevgM88xijGvQFbKo,TTWO,,,,,,RUG_RISK,,,"rug_screen: RUG_RISK score=92 | hard_fail:mint_authority,freeze_authority | warn:organic_buyers_5m"
2026-08-27 21:23:39,SCREEN,7n8kRipxAQBfpGQtcGA2AbkM2HASSVCzqZ5F3QEopump,Zoe,,,,,,RUG_RISK,,,RUG_RISK score=92 | hard_fail:sell_route | warn:dev_history
2026-08-27 21:23:39,SKIP,7n8kRipxAQBfpGQtcGA2AbkM2HASSVCzqZ5F3QEopump,Zoe,,,,,,RUG_RISK,,,rug_screen: RUG_RISK score=92 | hard_fail:sell_route | warn:dev_history
2026-08-27 21:23:44,SCREEN,6GmAFSYs4gk3FDao5FzzySQpPZaWsa4rUJHacpMpUNgx,STONK,,,,,,SAFE,,,"SAFE score=84 | warn:dev_history,organic_buyers_5m"
2026-08-27 21:23:46,SCREEN,4kjruqGHDsSqkMdFfCjV7Vb62HPFhtXyWc2t6JpQzDnz,GTA6,,,,,,SAFE,,,SAFE score=92 | warn:dev_history
2026-08-27 21:23:54,SCREEN,E3i7sTY5QYEBh3itepnomZQt7Eh5kzmHFk1vkm2pump,cc,,,,,,SAFE,,,SAFE score=92 | warn:organic_buyers_5m
2026-08-27 21:23:56,SCREEN,SKHYhSjuRWHgikq8eRKbtBbpABgJSkd7ytQV14i9EQ3,SKHY,,,,,,RUG_RISK,,,"RUG_RISK score=92 | hard_fail:mint_authority,freeze_authority,top1_holder,top10_holders | warn:organic_buyers_5m"
2026-08-27 21:23:56,SKIP,SKHYhSjuRWHgikq8eRKbtBbpABgJSkd7ytQV14i9EQ3,SKHY,,,,,,RUG_RISK,,,"rug_screen: RUG_RISK score=92 | hard_fail:mint_authority,freeze_authority,top1_holder,top10_holders | warn:organic_buyers_5m"
2026-08-27 21:23:59,SCREEN,Ge87EtsjwRQbHaqQmKRno69RFTwh9bfSsm99XNxTpump,Jimothy,,,,,,RUG_RISK,,,RUG_RISK score=100 | hard_fail:sell_route
2026-08-27 21:23:59,SKIP,Ge87EtsjwRQbHaqQmKRno69RFTwh9bfSsm99XNxTpump,Jimothy,,,,,,RUG_RISK,,,rug_screen: RUG_RISK score=100 | hard_fail:sell_route
2026-08-27 21:24:13,SCREEN,zj1jpp7QMveWHLs61vL9KMZf254KvW7j4AAmBF8ry2k,BULLSHIT,,,,,,SAFE,,,SAFE score=100
2026-08-27 21:24:17,SCREEN,EhCzWhMyUAo87bQ663fV2A6reLhXgdhdcf9ynJV8pump,POKEMON,,,,,,SAFE,,,SAFE score=90 | warn:price_5m
2026-08-27 21:24:49,SCREEN,AA33znW3bciXvrj8AUwPryVgDiasmEGxaqCwjHEWGdkd,b,,,,,,SAFE,,,"SAFE score=84 | warn:dev_history,organic_buyers_5m"
2026-08-27 21:26:24,SKIP,FZqdw6oSDCbHtKYxmhnfbi97SnyVy8jaYpdCoMrrjKa2,Pistacio,,,,,,SAFE,bo:flow_weak (382/346),,setup: bo:flow_weak (382/346)
2026-08-27 21:26:25,SKIP,6GmAFSYs4gk3FDao5FzzySQpPZaWsa4rUJHacpMpUNgx,STONK,,,,,,SAFE,bo:window_flat (-1.6%); bo:1h_out_of_band (-4%); bo:5m_negative (-1.8%); bo:flow_weak (22/30),,setup: bo:window_flat (-1.6%); bo:1h_out_of_band (-4%); bo:5m_negative (-1.8%); bo:flow_weak (22/30)
2026-08-27 21:26:26,SKIP,4kjruqGHDsSqkMdFfCjV7Vb62HPFhtXyWc2t6JpQzDnz,GTA6,,,,,,SAFE,bo:not_near_high (-6.3%); bo:window_flat (-2.6%); bo:1h_out_of_band (-13%); bo:5m_negative (-0.4%),,setup: bo:not_near_high (-6.3%); bo:window_flat (-2.6%); bo:1h_out_of_band (-13%); bo:5m_negative (-0.4%)
2026-08-27 21:26:27,SKIP,E3i7sTY5QYEBh3itepnomZQt7Eh5kzmHFk1vkm2pump,cc,,,,,,SAFE,bo:window_flat (-0.1%); bo:flow_weak (8/9),,setup: bo:window_flat (-0.1%); bo:flow_weak (8/9)
2026-08-27 21:26:48,SKIP,zj1jpp7QMveWHLs61vL9KMZf254KvW7j4AAmBF8ry2k,BULLSHIT,,,,,,SAFE,bo:1h_out_of_band (-2%); bo:5m_negative (-1.6%); bo:flow_weak (72/98),,setup: bo:1h_out_of_band (-2%); bo:5m_negative (-1.6%); bo:flow_weak (72/98)
2026-08-27 21:26:49,SKIP,EhCzWhMyUAo87bQ663fV2A6reLhXgdhdcf9ynJV8pump,POKEMON,,,,,,SAFE,bo:1h_out_of_band (67%),,setup: bo:1h_out_of_band (67%)
2026-08-27 21:27:23,SKIP,AA33znW3bciXvrj8AUwPryVgDiasmEGxaqCwjHEWGdkd,b,,,,,,SAFE,bo:window_flat (-2.3%); bo:1h_out_of_band (-16%); bo:5m_negative (-0.3%); bo:flow_weak (7/7),,setup: bo:window_flat (-2.3%); bo:1h_out_of_band (-16%); bo:5m_negative (-0.3%); bo:flow_weak (7/7)
2026-08-27 21:29:36,SCREEN,FZqdw6oSDCbHtKYxmhnfbi97SnyVy8jaYpdCoMrrjKa2,Pistacio,,,,,,SAFE,,,SAFE score=92 | warn:dev_history
2026-08-27 21:29:38,SCREEN,TTWofwAge91oFhZs7kpQdyrVRkmevgM88xijGvQFbKo,TTWO,,,,,,RUG_RISK,,,"RUG_RISK score=92 | hard_fail:mint_authority,freeze_authority | warn:organic_buyers_5m"
2026-08-27 21:29:38,SKIP,TTWofwAge91oFhZs7kpQdyrVRkmevgM88xijGvQFbKo,TTWO,,,,,,RUG_RISK,,,"rug_screen: RUG_RISK score=92 | hard_fail:mint_authority,freeze_authority | warn:organic_buyers_5m"
2026-08-27 21:29:41,SCREEN,7n8kRipxAQBfpGQtcGA2AbkM2HASSVCzqZ5F3QEopump,Zoe,,,,,,SAFE,,,SAFE score=92 | warn:dev_history
2026-08-27 21:29:44,SCREEN,6GmAFSYs4gk3FDao5FzzySQpPZaWsa4rUJHacpMpUNgx,STONK,,,,,,SAFE,,,"SAFE score=84 | warn:dev_history,organic_buyers_5m"
2026-08-27 21:29:49,SCREEN,4kjruqGHDsSqkMdFfCjV7Vb62HPFhtXyWc2t6JpQzDnz,GTA6,,,,,,SAFE,,,SAFE score=92 | warn:dev_history
2026-08-27 21:29:51,SCREEN,E3i7sTY5QYEBh3itepnomZQt7Eh5kzmHFk1vkm2pump,cc,,,,,,SAFE,,,SAFE score=92 | warn:organic_buyers_5m
2026-08-27 21:29:53,SCREEN,SKHYhSjuRWHgikq8eRKbtBbpABgJSkd7ytQV14i9EQ3,SKHY,,,,,,RUG_RISK,,,"RUG_RISK score=92 | hard_fail:mint_authority,freeze_authority,top1_holder,top10_holders | warn:organic_buyers_5m"
2026-08-27 21:29:53,SKIP,SKHYhSjuRWHgikq8eRKbtBbpABgJSkd7ytQV14i9EQ3,SKHY,,,,,,RUG_RISK,,,"rug_screen: RUG_RISK score=92 | hard_fail:mint_authority,freeze_authority,top1_holder,top10_holders | warn:organic_buyers_5m"
2026-08-27 21:30:00,SCREEN,Ge87EtsjwRQbHaqQmKRno69RFTwh9bfSsm99XNxTpump,Jimothy,,,,,,SAFE,,,SAFE score=100
2026-08-27 21:30:05,SCREEN,zj1jpp7QMveWHLs61vL9KMZf254KvW7j4AAmBF8ry2k,BULLSHIT,,,,,,SAFE,,,SAFE score=100
2026-08-27 21:30:07,SCREEN,EhCzWhMyUAo87bQ663fV2A6reLhXgdhdcf9ynJV8pump,POKEMON,,,,,,SAFE,,,SAFE score=100
2026-08-27 21:32:18,SKIP,FZqdw6oSDCbHtKYxmhnfbi97SnyVy8jaYpdCoMrrjKa2,Pistacio,,,,,,SAFE,bo:window_flat (-4.3%); bo:5m_negative (-2.8%); bo:flow_weak (282/340),,setup: bo:window_flat (-4.3%); bo:5m_negative (-2.8%); bo:flow_weak (282/340)
2026-08-27 21:32:21,BUY,7n8kRipxAQBfpGQtcGA2AbkM2HASSVCzqZ5F3QEopump,Zoe,breakout,0.0030487616,3.00,0.0375,,SAFE,"breakout: 0.0% off high, 1h +11%, flow 288/213, late slope 0.23",rug_score=92;liq_usd=220457;mcap_usd=2.93382e+06;vol24_usd=4.5543e+06;holders=3526;top1_pct=18.51;organic_score=75;chg5m_pct=32.08;chg1h_pct=11.01;chg24h_pct=39.91;organic_buyers_5m=5;buys_5m=288;sells_5m=213;dev_mints=580;setup_breakout=1;setup_pullback=0;mv_return_pct=27.397;mv_drawdown_pct=0;mv_slope=10.7734;mv_late_slope=0.2321;mv_vol_pct=5.763;mv_below_high_pct=0;mv_above_low_pct=27.704;mv_holder_growth=23.261;mv_liq_trend_pct=12.927,breakout | stop 0.0028353483 | SAFE score=92 | warn:dev_history
2026-08-27 21:32:23,SKIP,6GmAFSYs4gk3FDao5FzzySQpPZaWsa4rUJHacpMpUNgx,STONK,,,,,,SAFE,bo:1h_out_of_band (-5%); bo:flow_weak (30/29),,setup: bo:1h_out_of_band (-5%); bo:flow_weak (30/29)
2026-08-27 21:32:25,SKIP,4kjruqGHDsSqkMdFfCjV7Vb62HPFhtXyWc2t6JpQzDnz,GTA6,,,,,,SAFE,bo:1h_out_of_band (-11%); bo:flow_weak (47/61),,setup: bo:1h_out_of_band (-11%); bo:flow_weak (47/61)
2026-08-27 21:32:27,SKIP,E3i7sTY5QYEBh3itepnomZQt7Eh5kzmHFk1vkm2pump,cc,,,,,,SAFE,bo:5m_negative (-0.4%); bo:flow_weak (7/9),,setup: bo:5m_negative (-0.4%); bo:flow_weak (7/9)
2026-08-27 21:32:43,SKIP,Ge87EtsjwRQbHaqQmKRno69RFTwh9bfSsm99XNxTpump,Jimothy,,,,,,SAFE,bo:window_flat (-1.4%); bo:1h_out_of_band (-5%); bo:5m_negative (-1.0%); bo:flow_weak (53/62),,setup: bo:window_flat (-1.4%); bo:1h_out_of_band (-5%); bo:5m_negative (-1.0%); bo:flow_weak (53/62)
2026-08-27 21:32:45,SKIP,zj1jpp7QMveWHLs61vL9KMZf254KvW7j4AAmBF8ry2k,BULLSHIT,,,,,,SAFE,bo:window_flat (-1.2%); bo:1h_out_of_band (1%); bo:5m_negative (-0.2%); bo:flow_weak (51/68),,setup: bo:window_flat (-1.2%); bo:1h_out_of_band (1%); bo:5m_negative (-0.2%); bo:flow_weak (51/68)
2026-08-27 21:32:48,SKIP,EhCzWhMyUAo87bQ663fV2A6reLhXgdhdcf9ynJV8pump,POKEMON,,,,,,SAFE,bo:window_flat (-3.8%); bo:1h_out_of_band (86%),,setup: bo:window_flat (-3.8%); bo:1h_out_of_band (86%)
2026-08-27 21:33:21,SELL,7n8kRipxAQBfpGQtcGA2AbkM2HASSVCzqZ5F3QEopump,Zoe,breakout,0.0027661125,2.75,0.0369,-0.3195,,,rug_score=92;liq_usd=220457;mcap_usd=2.93382e+06;vol24_usd=4.5543e+06;holders=3526;top1_pct=18.51;organic_score=75;chg5m_pct=32.08;chg1h_pct=11.01;chg24h_pct=39.91;organic_buyers_5m=5;buys_5m=288;sells_5m=213;dev_mints=580;setup_breakout=1;setup_pullback=0;mv_return_pct=27.397;mv_drawdown_pct=0;mv_slope=10.7734;mv_late_slope=0.2321;mv_vol_pct=5.763;mv_below_high_pct=0;mv_above_low_pct=27.704;mv_holder_growth=23.261;mv_liq_trend_pct=12.927,hard_stop (-8%)
2026-08-27 21:46:03,SELL,GUmbtfjSZkybSFgPibBcvwExEBdXwewJHR5PkTjzpump,Morty,breakout,0.0013369368,2.79,0.0370,-0.2866,,,rug_score=92;liq_usd=163306;mcap_usd=1.37727e+06;vol24_usd=2.28034e+06;holders=6770;top1_pct=17.36;organic_score=75;chg5m_pct=3.15;chg1h_pct=4.05;chg24h_pct=-14.38;organic_buyers_5m=1;buys_5m=18;sells_5m=15;dev_mints=110;setup_breakout=1;setup_pullback=0;mv_return_pct=1.076;mv_drawdown_pct=-1.799;mv_slope=-0.0758;mv_late_slope=0;mv_vol_pct=1.048;mv_below_high_pct=-1.799;mv_above_low_pct=1.452;mv_holder_growth=0.83;mv_liq_trend_pct=0.658,hard_stop (-7%)
2026-08-27 22:05:59,SCREEN,FZqdw6oSDCbHtKYxmhnfbi97SnyVy8jaYpdCoMrrjKa2,Pistacio,,,,,,SAFE,,,SAFE score=92 | warn:dev_history
2026-08-27 22:06:02,SCREEN,TTWofwAge91oFhZs7kpQdyrVRkmevgM88xijGvQFbKo,TTWO,,,,,,RUG_RISK,,,"RUG_RISK score=92 | hard_fail:mint_authority,freeze_authority | warn:organic_buyers_5m"
2026-08-27 22:06:02,SKIP,TTWofwAge91oFhZs7kpQdyrVRkmevgM88xijGvQFbKo,TTWO,,,,,,RUG_RISK,,,"rug_screen: RUG_RISK score=92 | hard_fail:mint_authority,freeze_authority | warn:organic_buyers_5m"
2026-08-27 22:06:05,SCREEN,6GmAFSYs4gk3FDao5FzzySQpPZaWsa4rUJHacpMpUNgx,STONK,,,,,,SAFE,,,"SAFE score=84 | warn:dev_history,organic_buyers_5m"
2026-08-27 22:06:07,SCREEN,4kjruqGHDsSqkMdFfCjV7Vb62HPFhtXyWc2t6JpQzDnz,GTA6,,,,,,SAFE,,,SAFE score=92 | warn:dev_history
2026-08-27 22:06:11,SCREEN,E3i7sTY5QYEBh3itepnomZQt7Eh5kzmHFk1vkm2pump,cc,,,,,,SAFE,,,"SAFE score=84 | warn:organic_buyers_5m,order_flow_5m"
2026-08-27 22:06:15,SCREEN,SKHYhSjuRWHgikq8eRKbtBbpABgJSkd7ytQV14i9EQ3,SKHY,,,,,,RUG_RISK,,,"RUG_RISK score=92 | hard_fail:mint_authority,freeze_authority,top1_holder,top10_holders | warn:organic_buyers_5m"
2026-08-27 22:06:15,SKIP,SKHYhSjuRWHgikq8eRKbtBbpABgJSkd7ytQV14i9EQ3,SKHY,,,,,,RUG_RISK,,,"rug_screen: RUG_RISK score=92 | hard_fail:mint_authority,freeze_authority,top1_holder,top10_holders | warn:organic_buyers_5m"
2026-08-27 22:06:18,SCREEN,Ge87EtsjwRQbHaqQmKRno69RFTwh9bfSsm99XNxTpump,Jimothy,,,,,,SAFE,,,SAFE score=100
2026-08-27 22:06:20,SCREEN,zj1jpp7QMveWHLs61vL9KMZf254KvW7j4AAmBF8ry2k,BULLSHIT,,,,,,SAFE,,,SAFE score=100
2026-08-27 22:06:24,SCREEN,EhCzWhMyUAo87bQ663fV2A6reLhXgdhdcf9ynJV8pump,POKEMON,,,,,,SAFE,,,SAFE score=100
2026-08-27 22:08:50,SKIP,FZqdw6oSDCbHtKYxmhnfbi97SnyVy8jaYpdCoMrrjKa2,Pistacio,,,,,,SAFE,bo:1h_out_of_band (-20%); bo:5m_negative (-1.9%); bo:flow_weak (208/202),,setup: bo:1h_out_of_band (-20%); bo:5m_negative (-1.9%); bo:flow_weak (208/202)
2026-08-27 22:08:52,SKIP,6GmAFSYs4gk3FDao5FzzySQpPZaWsa4rUJHacpMpUNgx,STONK,,,,,,SAFE,bo:window_flat (-0.2%); bo:1h_out_of_band (-6%); bo:5m_negative (-1.7%); bo:flow_weak (44/45),,setup: bo:window_flat (-0.2%); bo:1h_out_of_band (-6%); bo:5m_negative (-1.7%); bo:flow_weak (44/45)
2026-08-27 22:08:53,SKIP,4kjruqGHDsSqkMdFfCjV7Vb62HPFhtXyWc2t6JpQzDnz,GTA6,,,,,,SAFE,bo:window_flat (-0.1%); bo:1h_out_of_band (-16%); bo:5m_negative (-4.9%); bo:flow_weak (30/48),,setup: bo:window_flat (-0.1%); bo:1h_out_of_band (-16%); bo:5m_negative (-4.9%); bo:flow_weak (30/48)
2026-08-27 22:08:54,SKIP,E3i7sTY5QYEBh3itepnomZQt7Eh5kzmHFk1vkm2pump,cc,,,,,,SAFE,bo:1h_out_of_band (1%); bo:5m_negative (-1.0%); bo:flow_weak (5/9),,setup: bo:1h_out_of_band (1%); bo:5m_negative (-1.0%); bo:flow_weak (5/9)
2026-08-27 22:08:55,SKIP,Ge87EtsjwRQbHaqQmKRno69RFTwh9bfSsm99XNxTpump,Jimothy,,,,,,SAFE,bo:1h_out_of_band (-6%),,setup: bo:1h_out_of_band (-6%)
2026-08-27 22:08:56,SKIP,zj1jpp7QMveWHLs61vL9KMZf254KvW7j4AAmBF8ry2k,BULLSHIT,,,,,,SAFE,bo:window_flat (-0.3%); bo:1h_out_of_band (-7%); bo:5m_negative (-2.6%); bo:flow_weak (27/54),,setup: bo:window_flat (-0.3%); bo:1h_out_of_band (-7%); bo:5m_negative (-2.6%); bo:flow_weak (27/54)
2026-08-27 22:08:57,SKIP,EhCzWhMyUAo87bQ663fV2A6reLhXgdhdcf9ynJV8pump,POKEMON,,,,,,SAFE,bo:window_flat (-5.5%); bo:1h_out_of_band (76%),,setup: bo:window_flat (-5.5%); bo:1h_out_of_band (76%)
2026-08-27 22:09:08,SCREEN,4HMbmzNCTc1ncfmNbZKxBXsuTD6XWrkzq3xWAEUr9mSs,Huhcat,,,,,,SAFE,,,"SAFE score=84 | warn:dev_history,organic_buyers_5m"
2026-08-27 22:09:23,SCREEN,AA33znW3bciXvrj8AUwPryVgDiasmEGxaqCwjHEWGdkd,b,,,,,,SAFE,,,"SAFE score=84 | warn:dev_history,organic_buyers_5m"
2026-08-27 22:11:44,SKIP,4HMbmzNCTc1ncfmNbZKxBXsuTD6XWrkzq3xWAEUr9mSs,Huhcat,,,,,,SAFE,bo:1h_out_of_band (-12%),,setup: bo:1h_out_of_band (-12%)
2026-08-27 22:11:57,SCREEN,FZqdw6oSDCbHtKYxmhnfbi97SnyVy8jaYpdCoMrrjKa2,Pistacio,,,,,,SAFE,,,SAFE score=92 | warn:dev_history
2026-08-27 22:12:00,SCREEN,TTWofwAge91oFhZs7kpQdyrVRkmevgM88xijGvQFbKo,TTWO,,,,,,RUG_RISK,,,"RUG_RISK score=92 | hard_fail:mint_authority,freeze_authority | warn:organic_buyers_5m"
2026-08-27 22:12:00,SKIP,TTWofwAge91oFhZs7kpQdyrVRkmevgM88xijGvQFbKo,TTWO,,,,,,RUG_RISK,,,"rug_screen: RUG_RISK score=92 | hard_fail:mint_authority,freeze_authority | warn:organic_buyers_5m"
2026-08-27 22:12:02,SCREEN,4PFGKQbJYRZbk8SHNzqQf4DcpyrKJ7r5UKwj4f37pump,RAX,,,,,,SAFE,,,"SAFE score=82 | warn:organic_buyers_5m,price_5m"
2026-08-27 22:12:05,SCREEN,6GmAFSYs4gk3FDao5FzzySQpPZaWsa4rUJHacpMpUNgx,STONK,,,,,,SAFE,,,"SAFE score=84 | warn:dev_history,organic_buyers_5m"
2026-08-27 22:12:09,SCREEN,4kjruqGHDsSqkMdFfCjV7Vb62HPFhtXyWc2t6JpQzDnz,GTA6,,,,,,SAFE,,,SAFE score=92 | warn:dev_history
2026-08-27 22:12:13,SCREEN,E3i7sTY5QYEBh3itepnomZQt7Eh5kzmHFk1vkm2pump,cc,,,,,,SAFE,,,SAFE score=92 | warn:organic_buyers_5m
2026-08-27 22:12:16,SCREEN,SKHYhSjuRWHgikq8eRKbtBbpABgJSkd7ytQV14i9EQ3,SKHY,,,,,,RUG_RISK,,,"RUG_RISK score=92 | hard_fail:mint_authority,freeze_authority,top1_holder,top10_holders | warn:organic_buyers_5m"
2026-08-27 22:12:16,SKIP,SKHYhSjuRWHgikq8eRKbtBbpABgJSkd7ytQV14i9EQ3,SKHY,,,,,,RUG_RISK,,,"rug_screen: RUG_RISK score=92 | hard_fail:mint_authority,freeze_authority,top1_holder,top10_holders | warn:organic_buyers_5m"
2026-08-27 22:12:18,SCREEN,Ge87EtsjwRQbHaqQmKRno69RFTwh9bfSsm99XNxTpump,Jimothy,,,,,,SAFE,,,SAFE score=100
2026-08-27 22:12:23,SCREEN,zj1jpp7QMveWHLs61vL9KMZf254KvW7j4AAmBF8ry2k,BULLSHIT,,,,,,SAFE,,,SAFE score=100
2026-08-27 22:12:25,SCREEN,EhCzWhMyUAo87bQ663fV2A6reLhXgdhdcf9ynJV8pump,POKEMON,,,,,,SAFE,,,SAFE score=90 | warn:price_5m
2026-08-27 22:12:28,SKIP,AA33znW3bciXvrj8AUwPryVgDiasmEGxaqCwjHEWGdkd,b,,,,,,SAFE,bo:window_flat (-2.9%); bo:1h_out_of_band (-9%); bo:5m_negative (-3.8%); bo:flow_weak (5/5),,setup: bo:window_flat (-2.9%); bo:1h_out_of_band (-9%); bo:5m_negative (-3.8%); bo:flow_weak (5/5)
2026-08-27 22:14:12,SCREEN,6ismWYLTwvzngqAzeWLhAfq1jSY2yv8hG55te1HnTw9j,MUFASA,,,,,,SAFE,,,SAFE score=92 | warn:organic_buyers_5m
2026-08-27 22:14:33,SKIP,FZqdw6oSDCbHtKYxmhnfbi97SnyVy8jaYpdCoMrrjKa2,Pistacio,,,,,,SAFE,bo:1h_out_of_band (-15%),,setup: bo:1h_out_of_band (-15%)
2026-08-27 22:14:35,SKIP,4PFGKQbJYRZbk8SHNzqQf4DcpyrKJ7r5UKwj4f37pump,RAX,,,,,,SAFE,bo:1h_out_of_band (-34%); bo:5m_negative (-19.7%); bo:flow_weak (44/41); bo:late_slope (-5.62),,setup: bo:1h_out_of_band (-34%); bo:5m_negative (-19.7%); bo:flow_weak (44/41); bo:late_slope (-5.62)
2026-08-27 22:14:37,SKIP,6GmAFSYs4gk3FDao5FzzySQpPZaWsa4rUJHacpMpUNgx,STONK,,,,,,SAFE,bo:1h_out_of_band (-6%); bo:5m_negative (-0.8%),,setup: bo:1h_out_of_band (-6%); bo:5m_negative (-0.8%)
2026-08-27 22:14:39,SKIP,4kjruqGHDsSqkMdFfCjV7Vb62HPFhtXyWc2t6JpQzDnz,GTA6,,,,,,SAFE,bo:1h_out_of_band (-9%); bo:flow_weak (15/28),,setup: bo:1h_out_of_band (-9%); bo:flow_weak (15/28)
2026-08-27 22:14:54,SKIP,E3i7sTY5QYEBh3itepnomZQt7Eh5kzmHFk1vkm2pump,cc,,,,,,SAFE,bo:window_flat (-0.2%); bo:1h_out_of_band (1%); bo:5m_negative (-0.2%); bo:flow_weak (1/16),,setup: bo:window_flat (-0.2%); bo:1h_out_of_band (1%); bo:5m_negative (-0.2%); bo:flow_weak (1/16)
2026-08-27 22:14:56,SKIP,Ge87EtsjwRQbHaqQmKRno69RFTwh9bfSsm99XNxTpump,Jimothy,,,,,,SAFE,bo:window_flat (-4.3%); bo:1h_out_of_band (-6%); bo:5m_negative (-3.8%),,setup: bo:window_flat (-4.3%); bo:1h_out_of_band (-6%); bo:5m_negative (-3.8%)
2026-08-27 22:14:57,SKIP,zj1jpp7QMveWHLs61vL9KMZf254KvW7j4AAmBF8ry2k,BULLSHIT,,,,,,SAFE,bo:window_flat (-0.6%); bo:1h_out_of_band (-13%); bo:5m_negative (-2.0%); bo:flow_weak (26/23),,setup: bo:window_flat (-0.6%); bo:1h_out_of_band (-13%); bo:5m_negative (-2.0%); bo:flow_weak (26/23)
2026-08-27 22:14:58,SKIP,EhCzWhMyUAo87bQ663fV2A6reLhXgdhdcf9ynJV8pump,POKEMON,,,,,,SAFE,bo:5m_negative (-2.0%),,setup: bo:5m_negative (-2.0%)
2026-08-27 22:15:16,SCREEN,4HMbmzNCTc1ncfmNbZKxBXsuTD6XWrkzq3xWAEUr9mSs,Huhcat,,,,,,SAFE,,,"SAFE score=84 | warn:dev_history,organic_buyers_5m"
2026-08-27 22:15:25,SCREEN,AA33znW3bciXvrj8AUwPryVgDiasmEGxaqCwjHEWGdkd,b,,,,,,SAFE,,,"SAFE score=76 | warn:dev_history,organic_buyers_5m,order_flow_5m"
2026-08-27 22:16:42,SKIP,6ismWYLTwvzngqAzeWLhAfq1jSY2yv8hG55te1HnTw9j,MUFASA,,,,,,SAFE,bo:not_near_high (-6.7%); bo:window_flat (-5.2%); bo:1h_out_of_band (-20%); bo:5m_negative (-2.3%),,setup: bo:not_near_high (-6.7%); bo:window_flat (-5.2%); bo:1h_out_of_band (-20%); bo:5m_negative (-2.3%)
2026-08-27 22:17:48,SKIP,4HMbmzNCTc1ncfmNbZKxBXsuTD6XWrkzq3xWAEUr9mSs,Huhcat,,,,,,SAFE,bo:1h_out_of_band (-12%),,setup: bo:1h_out_of_band (-12%)
2026-08-27 22:17:59,SCREEN,FZqdw6oSDCbHtKYxmhnfbi97SnyVy8jaYpdCoMrrjKa2,Pistacio,,,,,,SAFE,,,SAFE score=92 | warn:dev_history
2026-08-27 22:18:02,SCREEN,TTWofwAge91oFhZs7kpQdyrVRkmevgM88xijGvQFbKo,TTWO,,,,,,RUG_RISK,,,"RUG_RISK score=92 | hard_fail:mint_authority,freeze_authority | warn:organic_buyers_5m"
2026-08-27 22:18:02,SKIP,TTWofwAge91oFhZs7kpQdyrVRkmevgM88xijGvQFbKo,TTWO,,,,,,RUG_RISK,,,"rug_screen: RUG_RISK score=92 | hard_fail:mint_authority,freeze_authority | warn:organic_buyers_5m"
2026-08-27 22:18:04,SCREEN,6GmAFSYs4gk3FDao5FzzySQpPZaWsa4rUJHacpMpUNgx,STONK,,,,,,SAFE,,,"SAFE score=84 | warn:dev_history,organic_buyers_5m"
2026-08-27 22:18:06,SCREEN,4kjruqGHDsSqkMdFfCjV7Vb62HPFhtXyWc2t6JpQzDnz,GTA6,,,,,,SAFE,,,SAFE score=92 | warn:dev_history
2026-08-27 22:18:11,SCREEN,E3i7sTY5QYEBh3itepnomZQt7Eh5kzmHFk1vkm2pump,cc,,,,,,SAFE,,,SAFE score=92 | warn:organic_buyers_5m
2026-08-27 22:18:16,SCREEN,SKHYhSjuRWHgikq8eRKbtBbpABgJSkd7ytQV14i9EQ3,SKHY,,,,,,RUG_RISK,,,"RUG_RISK score=92 | hard_fail:mint_authority,freeze_authority,top1_holder,top10_holders | warn:organic_buyers_5m"
2026-08-27 22:18:16,SKIP,SKHYhSjuRWHgikq8eRKbtBbpABgJSkd7ytQV14i9EQ3,SKHY,,,,,,RUG_RISK,,,"rug_screen: RUG_RISK score=92 | hard_fail:mint_authority,freeze_authority,top1_holder,top10_holders | warn:organic_buyers_5m"
2026-08-27 22:18:18,SCREEN,Ge87EtsjwRQbHaqQmKRno69RFTwh9bfSsm99XNxTpump,Jimothy,,,,,,SAFE,,,SAFE score=100
2026-08-27 22:18:21,SCREEN,zj1jpp7QMveWHLs61vL9KMZf254KvW7j4AAmBF8ry2k,BULLSHIT,,,,,,SAFE,,,SAFE score=92 | warn:organic_buyers_5m
2026-08-27 22:18:25,SCREEN,EhCzWhMyUAo87bQ663fV2A6reLhXgdhdcf9ynJV8pump,POKEMON,,,,,,SAFE,,,SAFE score=90 | warn:price_5m
2026-08-27 22:18:27,SKIP,AA33znW3bciXvrj8AUwPryVgDiasmEGxaqCwjHEWGdkd,b,,,,,,SAFE,bo:window_flat (-2.5%); bo:1h_out_of_band (-6%); bo:5m_negative (-1.4%); bo:flow_weak (4/7),,setup: bo:window_flat (-2.5%); bo:1h_out_of_band (-6%); bo:5m_negative (-1.4%); bo:flow_weak (4/7)
2026-08-27 22:20:34,SKIP,FZqdw6oSDCbHtKYxmhnfbi97SnyVy8jaYpdCoMrrjKa2,Pistacio,,,,,,SAFE,bo:window_flat (-0.2%); bo:1h_out_of_band (-21%); bo:late_slope (-2.31),,setup: bo:window_flat (-0.2%); bo:1h_out_of_band (-21%); bo:late_slope (-2.31)
2026-08-27 22:20:35,SKIP,6GmAFSYs4gk3FDao5FzzySQpPZaWsa4rUJHacpMpUNgx,STONK,,,,,,SAFE,bo:window_flat (-0.3%); bo:1h_out_of_band (-5%); bo:5m_negative (-0.6%); bo:flow_weak (41/42),,setup: bo:window_flat (-0.3%); bo:1h_out_of_band (-5%); bo:5m_negative (-0.6%); bo:flow_weak (41/42)
2026-08-27 22:20:53,SKIP,4kjruqGHDsSqkMdFfCjV7Vb62HPFhtXyWc2t6JpQzDnz,GTA6,,,,,,SAFE,bo:1h_out_of_band (-4%),,setup: bo:1h_out_of_band (-4%)
2026-08-27 22:20:54,SKIP,E3i7sTY5QYEBh3itepnomZQt7Eh5kzmHFk1vkm2pump,cc,,,,,,SAFE,bo:flow_weak (7/11),,setup: bo:flow_weak (7/11)
2026-08-27 22:20:55,SKIP,Ge87EtsjwRQbHaqQmKRno69RFTwh9bfSsm99XNxTpump,Jimothy,,,,,,SAFE,bo:1h_out_of_band (-4%),,setup: bo:1h_out_of_band (-4%)
2026-08-27 22:20:56,SKIP,zj1jpp7QMveWHLs61vL9KMZf254KvW7j4AAmBF8ry2k,BULLSHIT,,,,,,SAFE,bo:1h_out_of_band (-9%); bo:flow_weak (5/25),,setup: bo:1h_out_of_band (-9%); bo:flow_weak (5/25)
2026-08-27 22:20:57,SKIP,EhCzWhMyUAo87bQ663fV2A6reLhXgdhdcf9ynJV8pump,POKEMON,,,,,,SAFE,bo:window_flat (-0.5%); bo:1h_out_of_band (-21%); bo:5m_negative (-21.4%),,setup: bo:window_flat (-0.5%); bo:1h_out_of_band (-21%); bo:5m_negative (-21.4%)
2026-08-27 22:21:20,SCREEN,4HMbmzNCTc1ncfmNbZKxBXsuTD6XWrkzq3xWAEUr9mSs,Huhcat,,,,,,SAFE,,,"SAFE score=84 | warn:dev_history,organic_buyers_5m"
2026-08-27 22:21:31,SCREEN,AA33znW3bciXvrj8AUwPryVgDiasmEGxaqCwjHEWGdkd,b,,,,,,SAFE,,,"SAFE score=84 | warn:dev_history,organic_buyers_5m"
2026-08-27 22:23:22,SCREEN,4PFGKQbJYRZbk8SHNzqQf4DcpyrKJ7r5UKwj4f37pump,RAX,,,,,,RUG_RISK,,,RUG_RISK score=92 | hard_fail:liquidity_trend | warn:organic_buyers_5m
2026-08-27 22:23:22,SKIP,4PFGKQbJYRZbk8SHNzqQf4DcpyrKJ7r5UKwj4f37pump,RAX,,,,,,RUG_RISK,,,rug_screen: RUG_RISK score=92 | hard_fail:liquidity_trend | warn:organic_buyers_5m
2026-08-27 22:23:54,SKIP,4HMbmzNCTc1ncfmNbZKxBXsuTD6XWrkzq3xWAEUr9mSs,Huhcat,,,,,,SAFE,bo:1h_out_of_band (-5%),,setup: bo:1h_out_of_band (-5%)
2026-08-27 22:24:05,SCREEN,CTPoyCwkjMvoJwU4xvZZqoD8tiYk6yDchySiN5gGpump,fone,,,,,,SAFE,,,SAFE score=100
2026-08-27 22:24:15,SCREEN,FZqdw6oSDCbHtKYxmhnfbi97SnyVy8jaYpdCoMrrjKa2,Pistacio,,,,,,SAFE,,,SAFE score=92 | warn:dev_history
2026-08-27 22:24:17,SCREEN,TTWofwAge91oFhZs7kpQdyrVRkmevgM88xijGvQFbKo,TTWO,,,,,,RUG_RISK,,,"RUG_RISK score=92 | hard_fail:mint_authority,freeze_authority | warn:organic_buyers_5m"
2026-08-27 22:24:17,SKIP,TTWofwAge91oFhZs7kpQdyrVRkmevgM88xijGvQFbKo,TTWO,,,,,,RUG_RISK,,,"rug_screen: RUG_RISK score=92 | hard_fail:mint_authority,freeze_authority | warn:organic_buyers_5m"
2026-08-27 22:24:21,SCREEN,6GmAFSYs4gk3FDao5FzzySQpPZaWsa4rUJHacpMpUNgx,STONK,,,,,,SAFE,,,"SAFE score=84 | warn:dev_history,organic_buyers_5m"
2026-08-27 22:24:23,SCREEN,4kjruqGHDsSqkMdFfCjV7Vb62HPFhtXyWc2t6JpQzDnz,GTA6,,,,,,SAFE,,,SAFE score=92 | warn:dev_history
2026-08-27 22:24:27,SCREEN,E3i7sTY5QYEBh3itepnomZQt7Eh5kzmHFk1vkm2pump,cc,,,,,,SAFE,,,"SAFE score=84 | warn:organic_buyers_5m,order_flow_5m"
2026-08-27 22:24:30,SCREEN,SKHYhSjuRWHgikq8eRKbtBbpABgJSkd7ytQV14i9EQ3,SKHY,,,,,,RUG_RISK,,,"RUG_RISK score=92 | hard_fail:mint_authority,freeze_authority,top1_holder,top10_holders | warn:organic_buyers_5m"
2026-08-27 22:24:30,SKIP,SKHYhSjuRWHgikq8eRKbtBbpABgJSkd7ytQV14i9EQ3,SKHY,,,,,,RUG_RISK,,,"rug_screen: RUG_RISK score=92 | hard_fail:mint_authority,freeze_authority,top1_holder,top10_holders | warn:organic_buyers_5m"
2026-08-27 22:24:35,SCREEN,Ge87EtsjwRQbHaqQmKRno69RFTwh9bfSsm99XNxTpump,Jimothy,,,,,,SAFE,,,SAFE score=100
2026-08-27 22:24:38,SCREEN,zj1jpp7QMveWHLs61vL9KMZf254KvW7j4AAmBF8ry2k,BULLSHIT,,,,,,SAFE,,,SAFE score=92 | warn:organic_buyers_5m
2026-08-27 22:24:40,SCREEN,EhCzWhMyUAo87bQ663fV2A6reLhXgdhdcf9ynJV8pump,POKEMON,,,,,,SAFE,,,SAFE score=100
2026-08-27 22:24:43,SKIP,AA33znW3bciXvrj8AUwPryVgDiasmEGxaqCwjHEWGdkd,b,,,,,,SAFE,bo:window_flat (-1.3%),,setup: bo:window_flat (-1.3%)
2026-08-27 22:26:44,SKIP,CTPoyCwkjMvoJwU4xvZZqoD8tiYk6yDchySiN5gGpump,fone,,,,,,SAFE,bo:window_flat (-0.9%); bo:1h_out_of_band (-7%); bo:5m_negative (-3.2%),,setup: bo:window_flat (-0.9%); bo:1h_out_of_band (-7%); bo:5m_negative (-3.2%)
2026-08-27 22:26:47,SKIP,FZqdw6oSDCbHtKYxmhnfbi97SnyVy8jaYpdCoMrrjKa2,Pistacio,,,,,,SAFE,bo:window_flat (-0.9%); bo:1h_out_of_band (-22%); bo:5m_negative (-3.8%); bo:flow_weak (132/146),,setup: bo:window_flat (-0.9%); bo:1h_out_of_band (-22%); bo:5m_negative (-3.8%); bo:flow_weak (132/146)
2026-08-27 22:27:04,SKIP,6GmAFSYs4gk3FDao5FzzySQpPZaWsa4rUJHacpMpUNgx,STONK,,,,,,SAFE,bo:1h_out_of_band (-4%); bo:5m_negative (-0.1%),,setup: bo:1h_out_of_band (-4%); bo:5m_negative (-0.1%)
2026-08-27 22:27:05,SKIP,4kjruqGHDsSqkMdFfCjV7Vb62HPFhtXyWc2t6JpQzDnz,GTA6,,,,,,SAFE,bo:window_flat (-1.0%); bo:1h_out_of_band (-3%); bo:5m_negative (-3.4%); bo:flow_weak (17/31),,setup: bo:window_flat (-1.0%); bo:1h_out_of_band (-3%); bo:5m_negative (-3.4%); bo:flow_weak (17/31)
2026-08-27 22:27:06,SKIP,E3i7sTY5QYEBh3itepnomZQt7Eh5kzmHFk1vkm2pump,cc,,,,,,SAFE,bo:window_flat (-0.1%); bo:5m_negative (-0.3%); bo:flow_weak (5/22),,setup: bo:window_flat (-0.1%); bo:5m_negative (-0.3%); bo:flow_weak (5/22)
2026-08-27 22:27:07,SKIP,Ge87EtsjwRQbHaqQmKRno69RFTwh9bfSsm99XNxTpump,Jimothy,,,,,,SAFE,bo:1h_out_of_band (-2%),,setup: bo:1h_out_of_band (-2%)
2026-08-27 22:27:08,SKIP,zj1jpp7QMveWHLs61vL9KMZf254KvW7j4AAmBF8ry2k,BULLSHIT,,,,,,SAFE,bo:1h_out_of_band (-4%); bo:flow_weak (18/18),,setup: bo:1h_out_of_band (-4%); bo:flow_weak (18/18)
2026-08-27 22:27:16,SKIP,EhCzWhMyUAo87bQ663fV2A6reLhXgdhdcf9ynJV8pump,POKEMON,,,,,,SAFE,bo:1h_out_of_band (-22%); bo:5m_negative (-4.6%),,setup: bo:1h_out_of_band (-22%); bo:5m_negative (-4.6%)
2026-08-27 22:27:26,SCREEN,4HMbmzNCTc1ncfmNbZKxBXsuTD6XWrkzq3xWAEUr9mSs,Huhcat,,,,,,SAFE,,,"SAFE score=84 | warn:dev_history,organic_buyers_5m"
2026-08-27 22:27:37,SCREEN,AA33znW3bciXvrj8AUwPryVgDiasmEGxaqCwjHEWGdkd,b,,,,,,SAFE,,,"SAFE score=84 | warn:dev_history,organic_buyers_5m"
2026-08-27 22:29:27,SCREEN,4PFGKQbJYRZbk8SHNzqQf4DcpyrKJ7r5UKwj4f37pump,RAX,,,,,,RUG_RISK,,,RUG_RISK score=92 | hard_fail:liquidity_trend | warn:organic_buyers_5m
2026-08-27 22:29:27,SKIP,4PFGKQbJYRZbk8SHNzqQf4DcpyrKJ7r5UKwj4f37pump,RAX,,,,,,RUG_RISK,,,rug_screen: RUG_RISK score=92 | hard_fail:liquidity_trend | warn:organic_buyers_5m
2026-08-27 22:29:59,BUY,4HMbmzNCTc1ncfmNbZKxBXsuTD6XWrkzq3xWAEUr9mSs,Huhcat,breakout,0.0000420100,3.00,0.0375,,SAFE,"breakout: -1.1% off high, 1h +3%, flow 5/1, late slope -0.23",rug_score=84;liq_usd=9131.36;mcap_usd=41364.9;vol24_usd=5.288e+06;holders=1891;top1_pct=24.78;organic_score=75;chg5m_pct=2.45;chg1h_pct=2.78;chg24h_pct=408.29;organic_buyers_5m=0;buys_5m=5;sells_5m=1;dev_mints=154560;setup_breakout=1;setup_pullback=0;mv_return_pct=2.11;mv_drawdown_pct=-1.084;mv_slope=1.4094;mv_late_slope=-0.2348;mv_vol_pct=0.666;mv_below_high_pct=-1.084;mv_above_low_pct=2.11;mv_holder_growth=0.931;mv_liq_trend_pct=1.27,"breakout | stop 0.0000390693 | SAFE score=84 | warn:dev_history,organic_buyers_5m"
2026-08-27 22:30:11,SCREEN,CTPoyCwkjMvoJwU4xvZZqoD8tiYk6yDchySiN5gGpump,fone,,,,,,SAFE,,,SAFE score=100
2026-08-27 22:30:15,SCREEN,FZqdw6oSDCbHtKYxmhnfbi97SnyVy8jaYpdCoMrrjKa2,Pistacio,,,,,,SAFE,,,SAFE score=92 | warn:dev_history
2026-08-27 22:30:17,SCREEN,TTWofwAge91oFhZs7kpQdyrVRkmevgM88xijGvQFbKo,TTWO,,,,,,RUG_RISK,,,"RUG_RISK score=92 | hard_fail:mint_authority,freeze_authority | warn:organic_buyers_5m"
2026-08-27 22:30:17,SKIP,TTWofwAge91oFhZs7kpQdyrVRkmevgM88xijGvQFbKo,TTWO,,,,,,RUG_RISK,,,"rug_screen: RUG_RISK score=92 | hard_fail:mint_authority,freeze_authority | warn:organic_buyers_5m"
2026-08-27 22:30:21,SCREEN,6GmAFSYs4gk3FDao5FzzySQpPZaWsa4rUJHacpMpUNgx,STONK,,,,,,SAFE,,,"SAFE score=84 | warn:dev_history,organic_buyers_5m"
2026-08-27 22:30:23,SCREEN,4kjruqGHDsSqkMdFfCjV7Vb62HPFhtXyWc2t6JpQzDnz,GTA6,,,,,,SAFE,,,SAFE score=92 | warn:dev_history
2026-08-27 22:30:28,SCREEN,E3i7sTY5QYEBh3itepnomZQt7Eh5kzmHFk1vkm2pump,cc,,,,,,SAFE,,,"SAFE score=84 | warn:organic_buyers_5m,order_flow_5m"
2026-08-27 22:30:30,SCREEN,SKHYhSjuRWHgikq8eRKbtBbpABgJSkd7ytQV14i9EQ3,SKHY,,,,,,RUG_RISK,,,"RUG_RISK score=92 | hard_fail:mint_authority,freeze_authority,top1_holder,top10_holders | warn:organic_buyers_5m"
2026-08-27 22:30:30,SKIP,SKHYhSjuRWHgikq8eRKbtBbpABgJSkd7ytQV14i9EQ3,SKHY,,,,,,RUG_RISK,,,"rug_screen: RUG_RISK score=92 | hard_fail:mint_authority,freeze_authority,top1_holder,top10_holders | warn:organic_buyers_5m"
2026-08-27 22:30:34,SCREEN,Ge87EtsjwRQbHaqQmKRno69RFTwh9bfSsm99XNxTpump,Jimothy,,,,,,SAFE,,,SAFE score=100
2026-08-27 22:30:37,SCREEN,zj1jpp7QMveWHLs61vL9KMZf254KvW7j4AAmBF8ry2k,BULLSHIT,,,,,,SAFE,,,SAFE score=92 | warn:organic_buyers_5m
2026-08-27 22:30:42,SCREEN,EhCzWhMyUAo87bQ663fV2A6reLhXgdhdcf9ynJV8pump,POKEMON,,,,,,SAFE,,,SAFE score=100
2026-08-27 22:30:43,SKIP,AA33znW3bciXvrj8AUwPryVgDiasmEGxaqCwjHEWGdkd,b,,,,,,SAFE,bo:window_flat (-0.3%); bo:5m_negative (-2.8%),,setup: bo:window_flat (-0.3%); bo:5m_negative (-2.8%)
2026-08-27 22:32:54,SKIP,CTPoyCwkjMvoJwU4xvZZqoD8tiYk6yDchySiN5gGpump,fone,,,,,,SAFE,bo:window_flat (-0.0%); bo:1h_out_of_band (-6%); bo:5m_negative (-2.9%),,setup: bo:window_flat (-0.0%); bo:1h_out_of_band (-6%); bo:5m_negative (-2.9%)
2026-08-27 22:32:56,SKIP,FZqdw6oSDCbHtKYxmhnfbi97SnyVy8jaYpdCoMrrjKa2,Pistacio,,,,,,SAFE,bo:1h_out_of_band (-16%),,setup: bo:1h_out_of_band (-16%)
2026-08-27 22:32:58,SKIP,6GmAFSYs4gk3FDao5FzzySQpPZaWsa4rUJHacpMpUNgx,STONK,,,,,,SAFE,bo:1h_out_of_band (-3%),,setup: bo:1h_out_of_band (-3%)
2026-08-27 22:33:00,SKIP,4kjruqGHDsSqkMdFfCjV7Vb62HPFhtXyWc2t6JpQzDnz,GTA6,,,,,,SAFE,bo:1h_out_of_band (-7%); bo:5m_negative (-0.3%); bo:late_slope (-5.91),,setup: bo:1h_out_of_band (-7%); bo:5m_negative (-0.3%); bo:late_slope (-5.91)
2026-08-27 22:33:01,SKIP,E3i7sTY5QYEBh3itepnomZQt7Eh5kzmHFk1vkm2pump,cc,,,,,,SAFE,bo:window_flat (-0.3%); bo:1h_out_of_band (2%); bo:5m_negative (-1.5%); bo:flow_weak (4/9),,setup: bo:window_flat (-0.3%); bo:1h_out_of_band (2%); bo:5m_negative (-1.5%); bo:flow_weak (4/9)
2026-08-27 22:33:15,SKIP,Ge87EtsjwRQbHaqQmKRno69RFTwh9bfSsm99XNxTpump,Jimothy,,,,,,SAFE,bo:window_flat (-1.2%); bo:1h_out_of_band (-2%); bo:5m_negative (-1.1%); bo:flow_weak (38/41),,setup: bo:window_flat (-1.2%); bo:1h_out_of_band (-2%); bo:5m_negative (-1.1%); bo:flow_weak (38/41)
2026-08-27 22:33:16,SKIP,zj1jpp7QMveWHLs61vL9KMZf254KvW7j4AAmBF8ry2k,BULLSHIT,,,,,,SAFE,bo:window_flat (-2.0%); bo:1h_out_of_band (-3%); bo:5m_negative (-0.8%); bo:late_slope (-3.95),,setup: bo:window_flat (-2.0%); bo:1h_out_of_band (-3%); bo:5m_negative (-0.8%); bo:late_slope (-3.95)
2026-08-27 22:33:17,SKIP,EhCzWhMyUAo87bQ663fV2A6reLhXgdhdcf9ynJV8pump,POKEMON,,,,,,SAFE,bo:1h_out_of_band (-31%); bo:late_slope (-5.02),,setup: bo:1h_out_of_band (-31%); bo:late_slope (-5.02)
2026-08-27 22:33:40,SCREEN,AA33znW3bciXvrj8AUwPryVgDiasmEGxaqCwjHEWGdkd,b,,,,,,SAFE,,,"SAFE score=84 | warn:dev_history,organic_buyers_5m"
2026-08-27 22:35:32,SCREEN,4PFGKQbJYRZbk8SHNzqQf4DcpyrKJ7r5UKwj4f37pump,RAX,,,,,,RUG_RISK,,,"RUG_RISK score=92 | hard_fail:top1_holder,liquidity_trend | warn:organic_buyers_5m"
2026-08-27 22:35:32,SKIP,4PFGKQbJYRZbk8SHNzqQf4DcpyrKJ7r5UKwj4f37pump,RAX,,,,,,RUG_RISK,,,"rug_screen: RUG_RISK score=92 | hard_fail:top1_holder,liquidity_trend | warn:organic_buyers_5m"
2026-08-27 22:36:15,SCREEN,CTPoyCwkjMvoJwU4xvZZqoD8tiYk6yDchySiN5gGpump,fone,,,,,,SAFE,,,SAFE score=100
2026-08-27 22:36:18,SCREEN,FZqdw6oSDCbHtKYxmhnfbi97SnyVy8jaYpdCoMrrjKa2,Pistacio,,,,,,SAFE,,,SAFE score=92 | warn:dev_history
2026-08-27 22:36:21,SCREEN,TTWofwAge91oFhZs7kpQdyrVRkmevgM88xijGvQFbKo,TTWO,,,,,,RUG_RISK,,,"RUG_RISK score=92 | hard_fail:mint_authority,freeze_authority | warn:organic_buyers_5m"
2026-08-27 22:36:21,SKIP,TTWofwAge91oFhZs7kpQdyrVRkmevgM88xijGvQFbKo,TTWO,,,,,,RUG_RISK,,,"rug_screen: RUG_RISK score=92 | hard_fail:mint_authority,freeze_authority | warn:organic_buyers_5m"
2026-08-27 22:36:23,SCREEN,6GmAFSYs4gk3FDao5FzzySQpPZaWsa4rUJHacpMpUNgx,STONK,,,,,,SAFE,,,SAFE score=92 | warn:dev_history
2026-08-27 22:36:27,SCREEN,4kjruqGHDsSqkMdFfCjV7Vb62HPFhtXyWc2t6JpQzDnz,GTA6,,,,,,SAFE,,,SAFE score=92 | warn:dev_history
2026-08-27 22:36:32,SCREEN,SKHYhSjuRWHgikq8eRKbtBbpABgJSkd7ytQV14i9EQ3,SKHY,,,,,,RUG_RISK,,,"RUG_RISK score=92 | hard_fail:mint_authority,freeze_authority,top1_holder,top10_holders | warn:organic_buyers_5m"
2026-08-27 22:36:32,SKIP,SKHYhSjuRWHgikq8eRKbtBbpABgJSkd7ytQV14i9EQ3,SKHY,,,,,,RUG_RISK,,,"rug_screen: RUG_RISK score=92 | hard_fail:mint_authority,freeze_authority,top1_holder,top10_holders | warn:organic_buyers_5m"
2026-08-27 22:36:34,SCREEN,E3i7sTY5QYEBh3itepnomZQt7Eh5kzmHFk1vkm2pump,cc,,,,,,SAFE,,,SAFE score=92 | warn:organic_buyers_5m
2026-08-27 22:36:36,SCREEN,Ge87EtsjwRQbHaqQmKRno69RFTwh9bfSsm99XNxTpump,Jimothy,,,,,,SAFE,,,SAFE score=100
2026-08-27 22:36:40,SCREEN,zj1jpp7QMveWHLs61vL9KMZf254KvW7j4AAmBF8ry2k,BULLSHIT,,,,,,RUG_RISK,,,RUG_RISK score=92 | hard_fail:sell_route | warn:organic_buyers_5m
2026-08-27 22:36:40,SKIP,zj1jpp7QMveWHLs61vL9KMZf254KvW7j4AAmBF8ry2k,BULLSHIT,,,,,,RUG_RISK,,,rug_screen: RUG_RISK score=92 | hard_fail:sell_route | warn:organic_buyers_5m
2026-08-27 22:36:43,SCREEN,EhCzWhMyUAo87bQ663fV2A6reLhXgdhdcf9ynJV8pump,POKEMON,,,,,,SAFE,,,SAFE score=100
2026-08-27 22:36:44,SKIP,AA33znW3bciXvrj8AUwPryVgDiasmEGxaqCwjHEWGdkd,b,,,,,,SAFE,bo:5m_negative (-1.6%); bo:flow_weak (6/9),,setup: bo:5m_negative (-1.6%); bo:flow_weak (6/9)
2026-08-27 22:38:47,BUY,CTPoyCwkjMvoJwU4xvZZqoD8tiYk6yDchySiN5gGpump,fone,breakout,0.0236316197,3.00,0.0375,,SAFE,"breakout: 0.0% off high, 1h +3%, flow 718/432, late slope 14.99",rug_score=100;liq_usd=1.69719e+06;mcap_usd=2.28434e+07;vol24_usd=7.54329e+07;holders=24395;top1_pct=10.36;organic_score=93.22;chg5m_pct=8.29;chg1h_pct=2.84;chg24h_pct=189.84;organic_buyers_5m=20;buys_5m=718;sells_5m=432;dev_mints=1;setup_breakout=1;setup_pullback=0;mv_return_pct=8.959;mv_drawdown_pct=0;mv_slope=2.7623;mv_late_slope=14.9943;mv_vol_pct=1.65;mv_below_high_pct=0;mv_above_low_pct=8.959;mv_holder_growth=19.359;mv_liq_trend_pct=1.736,breakout | stop 0.0219774064 | SAFE score=100
2026-08-27 22:38:49,SKIP,FZqdw6oSDCbHtKYxmhnfbi97SnyVy8jaYpdCoMrrjKa2,Pistacio,,,,,,SAFE,bo:1h_out_of_band (-11%),,setup: bo:1h_out_of_band (-11%)
2026-08-27 22:39:07,SKIP,6GmAFSYs4gk3FDao5FzzySQpPZaWsa4rUJHacpMpUNgx,STONK,,,,,,SAFE,bo:1h_out_of_band (-2%),,setup: bo:1h_out_of_band (-2%)
2026-08-27 22:39:09,SKIP,4kjruqGHDsSqkMdFfCjV7Vb62HPFhtXyWc2t6JpQzDnz,GTA6,,,,,,SAFE,bo:1h_out_of_band (-2%),,setup: bo:1h_out_of_band (-2%)
2026-08-27 22:39:11,SKIP,E3i7sTY5QYEBh3itepnomZQt7Eh5kzmHFk1vkm2pump,cc,,,,,,SAFE,bo:window_flat (-0.7%); bo:5m_negative (-2.0%); bo:flow_weak (5/13),,setup: bo:window_flat (-0.7%); bo:5m_negative (-2.0%); bo:flow_weak (5/13)
2026-08-27 22:39:13,SKIP,Ge87EtsjwRQbHaqQmKRno69RFTwh9bfSsm99XNxTpump,Jimothy,,,,,,SAFE,bo:1h_out_of_band (-3%); bo:flow_weak (24/44),,setup: bo:1h_out_of_band (-3%); bo:flow_weak (24/44)
2026-08-27 22:39:15,SKIP,EhCzWhMyUAo87bQ663fV2A6reLhXgdhdcf9ynJV8pump,POKEMON,,,,,,SAFE,bo:1h_out_of_band (-21%),,setup: bo:1h_out_of_band (-21%)
2026-08-27 22:52:59,SELL,4HMbmzNCTc1ncfmNbZKxBXsuTD6XWrkzq3xWAEUr9mSs,Huhcat,breakout,0.0000385891,2.79,0.0370,-0.2853,,,rug_score=84;liq_usd=9131.36;mcap_usd=41364.9;vol24_usd=5.288e+06;holders=1891;top1_pct=24.78;organic_score=75;chg5m_pct=2.45;chg1h_pct=2.78;chg24h_pct=408.29;organic_buyers_5m=0;buys_5m=5;sells_5m=1;dev_mints=154560;setup_breakout=1;setup_pullback=0;mv_return_pct=2.11;mv_drawdown_pct=-1.084;mv_slope=1.4094;mv_late_slope=-0.2348;mv_vol_pct=0.666;mv_below_high_pct=-1.084;mv_above_low_pct=2.11;mv_holder_growth=0.931;mv_liq_trend_pct=1.27,hard_stop (-7%)
2026-08-27 23:06:43,SCREEN,FZqdw6oSDCbHtKYxmhnfbi97SnyVy8jaYpdCoMrrjKa2,Pistacio,,,,,,SAFE,,,SAFE score=92 | warn:dev_history
2026-08-27 23:06:45,SCREEN,TTWofwAge91oFhZs7kpQdyrVRkmevgM88xijGvQFbKo,TTWO,,,,,,RUG_RISK,,,"RUG_RISK score=84 | hard_fail:mint_authority,freeze_authority | warn:organic_buyers_5m,order_flow_5m"
2026-08-27 23:06:45,SKIP,TTWofwAge91oFhZs7kpQdyrVRkmevgM88xijGvQFbKo,TTWO,,,,,,RUG_RISK,,,"rug_screen: RUG_RISK score=84 | hard_fail:mint_authority,freeze_authority | warn:organic_buyers_5m,order_flow_5m"
2026-08-27 23:06:49,SCREEN,7n8kRipxAQBfpGQtcGA2AbkM2HASSVCzqZ5F3QEopump,Zoe,,,,,,SAFE,,,"SAFE score=84 | warn:dev_history,organic_buyers_5m"
2026-08-27 23:06:52,SCREEN,6GmAFSYs4gk3FDao5FzzySQpPZaWsa4rUJHacpMpUNgx,STONK,,,,,,SAFE,,,"SAFE score=84 | warn:dev_history,organic_buyers_5m"
2026-08-27 23:06:56,SCREEN,4kjruqGHDsSqkMdFfCjV7Vb62HPFhtXyWc2t6JpQzDnz,GTA6,,,,,,SAFE,,,SAFE score=92 | warn:dev_history
2026-08-27 23:06:58,SCREEN,SKHYhSjuRWHgikq8eRKbtBbpABgJSkd7ytQV14i9EQ3,SKHY,,,,,,RUG_RISK,,,"RUG_RISK score=92 | hard_fail:mint_authority,freeze_authority,top1_holder,top10_holders | warn:organic_buyers_5m"
2026-08-27 23:06:58,SKIP,SKHYhSjuRWHgikq8eRKbtBbpABgJSkd7ytQV14i9EQ3,SKHY,,,,,,RUG_RISK,,,"rug_screen: RUG_RISK score=92 | hard_fail:mint_authority,freeze_authority,top1_holder,top10_holders | warn:organic_buyers_5m"
2026-08-27 23:07:03,SCREEN,Ge87EtsjwRQbHaqQmKRno69RFTwh9bfSsm99XNxTpump,Jimothy,,,,,,SAFE,,,SAFE score=100
2026-08-27 23:07:06,SCREEN,zj1jpp7QMveWHLs61vL9KMZf254KvW7j4AAmBF8ry2k,BULLSHIT,,,,,,SAFE,,,SAFE score=92 | warn:organic_buyers_5m
2026-08-27 23:07:08,SCREEN,E3i7sTY5QYEBh3itepnomZQt7Eh5kzmHFk1vkm2pump,cc,,,,,,SAFE,,,SAFE score=92 | warn:organic_buyers_5m
2026-08-27 23:07:30,SCREEN,6ismWYLTwvzngqAzeWLhAfq1jSY2yv8hG55te1HnTw9j,MUFASA,,,,,,SAFE,,,SAFE score=100
2026-08-27 23:08:57,SCREEN,EhCzWhMyUAo87bQ663fV2A6reLhXgdhdcf9ynJV8pump,POKEMON,,,,,,SAFE,,,SAFE score=100
2026-08-27 23:09:24,SKIP,FZqdw6oSDCbHtKYxmhnfbi97SnyVy8jaYpdCoMrrjKa2,Pistacio,,,,,,SAFE,bo:window_flat (-3.6%); bo:1h_out_of_band (-8%); bo:5m_negative (-5.8%); bo:flow_weak (185/171),,setup: bo:window_flat (-3.6%); bo:1h_out_of_band (-8%); bo:5m_negative (-5.8%); bo:flow_weak (185/171)
2026-08-27 23:09:25,SKIP,7n8kRipxAQBfpGQtcGA2AbkM2HASSVCzqZ5F3QEopump,Zoe,,,,,,SAFE,bo:1h_out_of_band (-0%); bo:5m_negative (-1.9%); bo:flow_weak (27/34),,setup: bo:1h_out_of_band (-0%); bo:5m_negative (-1.9%); bo:flow_weak (27/34)
2026-08-27 23:09:26,SKIP,6GmAFSYs4gk3FDao5FzzySQpPZaWsa4rUJHacpMpUNgx,STONK,,,,,,SAFE,bo:window_flat (-1.1%); bo:5m_negative (-0.7%); bo:flow_weak (62/58),,setup: bo:window_flat (-1.1%); bo:5m_negative (-0.7%); bo:flow_weak (62/58)
2026-08-27 23:09:27,SKIP,4kjruqGHDsSqkMdFfCjV7Vb62HPFhtXyWc2t6JpQzDnz,GTA6,,,,,,SAFE,bo:5m_negative (-1.7%),,setup: bo:5m_negative (-1.7%)
2026-08-27 23:09:45,SKIP,Ge87EtsjwRQbHaqQmKRno69RFTwh9bfSsm99XNxTpump,Jimothy,,,,,,SAFE,bo:window_flat (-0.8%); bo:1h_out_of_band (-5%); bo:flow_weak (29/55),,setup: bo:window_flat (-0.8%); bo:1h_out_of_band (-5%); bo:flow_weak (29/55)
2026-08-27 23:09:47,SKIP,zj1jpp7QMveWHLs61vL9KMZf254KvW7j4AAmBF8ry2k,BULLSHIT,,,,,,SAFE,bo:window_flat (-0.1%),,setup: bo:window_flat (-0.1%)
2026-08-27 23:09:50,SKIP,E3i7sTY5QYEBh3itepnomZQt7Eh5kzmHFk1vkm2pump,cc,,,,,,SAFE,bo:window_flat (-1.0%); bo:1h_out_of_band (-1%); bo:5m_negative (-1.1%); bo:flow_weak (5/10),,setup: bo:window_flat (-1.0%); bo:1h_out_of_band (-1%); bo:5m_negative (-1.1%); bo:flow_weak (5/10)
2026-08-27 23:10:13,SCREEN,AA33znW3bciXvrj8AUwPryVgDiasmEGxaqCwjHEWGdkd,b,,,,,,SAFE,,,SAFE score=92 | warn:dev_history
2026-08-27 23:10:16,SKIP,6ismWYLTwvzngqAzeWLhAfq1jSY2yv8hG55te1HnTw9j,MUFASA,,,,,,SAFE,bo:1h_out_of_band (-2%); bo:late_slope (-2.09),,setup: bo:1h_out_of_band (-2%); bo:late_slope (-2.09)
2026-08-27 23:11:28,SKIP,EhCzWhMyUAo87bQ663fV2A6reLhXgdhdcf9ynJV8pump,POKEMON,,,,,,SAFE,bo:1h_out_of_band (-23%),,setup: bo:1h_out_of_band (-23%)
2026-08-27 23:11:30,SCALE,CTPoyCwkjMvoJwU4xvZZqoD8tiYk6yDchySiN5gGpump,fone,breakout,0.0263992564,,,,,,,"tp1 hit (1.12x) — stop->breakeven, trail 24%"
2026-08-27 23:11:56,SCREEN,4PFGKQbJYRZbk8SHNzqQf4DcpyrKJ7r5UKwj4f37pump,RAX,,,,,,SAFE,,,SAFE score=92 | warn:organic_buyers_5m
2026-08-27 23:12:45,SCREEN,FZqdw6oSDCbHtKYxmhnfbi97SnyVy8jaYpdCoMrrjKa2,Pistacio,,,,,,SAFE,,,SAFE score=92 | warn:dev_history
2026-08-27 23:12:47,SCREEN,TTWofwAge91oFhZs7kpQdyrVRkmevgM88xijGvQFbKo,TTWO,,,,,,RUG_RISK,,,"RUG_RISK score=84 | hard_fail:mint_authority,freeze_authority | warn:organic_buyers_5m,order_flow_5m"
2026-08-27 23:12:47,SKIP,TTWofwAge91oFhZs7kpQdyrVRkmevgM88xijGvQFbKo,TTWO,,,,,,RUG_RISK,,,"rug_screen: RUG_RISK score=84 | hard_fail:mint_authority,freeze_authority | warn:organic_buyers_5m,order_flow_5m"
2026-08-27 23:12:49,SCREEN,7n8kRipxAQBfpGQtcGA2AbkM2HASSVCzqZ5F3QEopump,Zoe,,,,,,SAFE,,,"SAFE score=84 | warn:dev_history,organic_buyers_5m"
2026-08-27 23:12:52,SCREEN,6GmAFSYs4gk3FDao5FzzySQpPZaWsa4rUJHacpMpUNgx,STONK,,,,,,SAFE,,,"SAFE score=84 | warn:dev_history,organic_buyers_5m"
2026-08-27 23:12:59,SCREEN,4kjruqGHDsSqkMdFfCjV7Vb62HPFhtXyWc2t6JpQzDnz,GTA6,,,,,,SAFE,,,SAFE score=92 | warn:dev_history
2026-08-27 23:13:03,SCREEN,SKHYhSjuRWHgikq8eRKbtBbpABgJSkd7ytQV14i9EQ3,SKHY,,,,,,RUG_RISK,,,"RUG_RISK score=92 | hard_fail:mint_authority,freeze_authority,top1_holder,top10_holders | warn:organic_buyers_5m"
2026-08-27 23:13:03,SKIP,SKHYhSjuRWHgikq8eRKbtBbpABgJSkd7ytQV14i9EQ3,SKHY,,,,,,RUG_RISK,,,"rug_screen: RUG_RISK score=92 | hard_fail:mint_authority,freeze_authority,top1_holder,top10_holders | warn:organic_buyers_5m"
2026-08-27 23:13:05,SCREEN,Ge87EtsjwRQbHaqQmKRno69RFTwh9bfSsm99XNxTpump,Jimothy,,,,,,SAFE,,,SAFE score=100
2026-08-27 23:13:15,SCREEN,zj1jpp7QMveWHLs61vL9KMZf254KvW7j4AAmBF8ry2k,BULLSHIT,,,,,,SAFE,,,SAFE score=92 | warn:organic_buyers_5m
2026-08-27 23:13:17,SCREEN,E3i7sTY5QYEBh3itepnomZQt7Eh5kzmHFk1vkm2pump,cc,,,,,,SAFE,,,SAFE score=92 | warn:organic_buyers_5m
2026-08-27 23:13:18,SKIP,AA33znW3bciXvrj8AUwPryVgDiasmEGxaqCwjHEWGdkd,b,,,,,,SAFE,bo:window_flat (-0.6%); bo:1h_out_of_band (1%); bo:5m_negative (-3.0%); bo:flow_weak (3/7),,setup: bo:window_flat (-0.6%); bo:1h_out_of_band (1%); bo:5m_negative (-3.0%); bo:flow_weak (3/7)
2026-08-27 23:13:49,SCREEN,6ismWYLTwvzngqAzeWLhAfq1jSY2yv8hG55te1HnTw9j,MUFASA,,,,,,SAFE,,,SAFE score=100
2026-08-27 23:14:48,SKIP,4PFGKQbJYRZbk8SHNzqQf4DcpyrKJ7r5UKwj4f37pump,RAX,,,,,,SAFE,bo:window_flat (-1.6%); bo:5m_negative (-4.9%); bo:flow_weak (1/7),,setup: bo:window_flat (-1.6%); bo:5m_negative (-4.9%); bo:flow_weak (1/7)
2026-08-27 23:15:18,SCREEN,EhCzWhMyUAo87bQ663fV2A6reLhXgdhdcf9ynJV8pump,POKEMON,,,,,,SAFE,,,SAFE score=100
2026-08-27 23:15:19,SKIP,FZqdw6oSDCbHtKYxmhnfbi97SnyVy8jaYpdCoMrrjKa2,Pistacio,,,,,,SAFE,bo:window_flat (-0.8%); bo:1h_out_of_band (-11%),,setup: bo:window_flat (-0.8%); bo:1h_out_of_band (-11%)
2026-08-27 23:15:21,SKIP,7n8kRipxAQBfpGQtcGA2AbkM2HASSVCzqZ5F3QEopump,Zoe,,,,,,SAFE,bo:1h_out_of_band (-11%); bo:flow_weak (24/42),,setup: bo:1h_out_of_band (-11%); bo:flow_weak (24/42)
2026-08-27 23:15:24,SKIP,6GmAFSYs4gk3FDao5FzzySQpPZaWsa4rUJHacpMpUNgx,STONK,,,,,,SAFE,bo:window_flat (-0.5%); bo:flow_weak (32/30),,setup: bo:window_flat (-0.5%); bo:flow_weak (32/30)
2026-08-27 23:15:45,SKIP,4kjruqGHDsSqkMdFfCjV7Vb62HPFhtXyWc2t6JpQzDnz,GTA6,,,,,,SAFE,bo:5m_negative (-4.0%); bo:flow_weak (29/38),,setup: bo:5m_negative (-4.0%); bo:flow_weak (29/38)
2026-08-27 23:15:46,SKIP,Ge87EtsjwRQbHaqQmKRno69RFTwh9bfSsm99XNxTpump,Jimothy,,,,,,SAFE,bo:1h_out_of_band (-1%); bo:flow_weak (45/52),,setup: bo:1h_out_of_band (-1%); bo:flow_weak (45/52)
2026-08-27 23:15:49,BUY,zj1jpp7QMveWHLs61vL9KMZf254KvW7j4AAmBF8ry2k,BULLSHIT,breakout,0.0048883763,3.00,0.0375,,SAFE,"breakout: 0.0% off high, 1h +8%, flow 74/55, late slope 2.68",rug_score=92;liq_usd=649757;mcap_usd=4.68857e+06;vol24_usd=3.04529e+06;holders=7827;top1_pct=16.93;organic_score=86.32;chg5m_pct=4.09;chg1h_pct=8.28;chg24h_pct=37.11;organic_buyers_5m=4;buys_5m=74;sells_5m=55;dev_mints=1;setup_breakout=1;setup_pullback=0;mv_return_pct=0.293;mv_drawdown_pct=0;mv_slope=0.1241;mv_late_slope=2.6842;mv_vol_pct=0.818;mv_below_high_pct=0;mv_above_low_pct=1.557;mv_holder_growth=-4.881;mv_liq_trend_pct=0.199,breakout | stop 0.0045461899 | SAFE score=92 | warn:organic_buyers_5m
2026-08-27 23:15:50,SKIP,E3i7sTY5QYEBh3itepnomZQt7Eh5kzmHFk1vkm2pump,cc,,,,,,SAFE,bo:1h_out_of_band (0%); bo:flow_weak (5/6),,setup: bo:1h_out_of_band (0%); bo:flow_weak (5/6)
2026-08-27 23:16:19,SKIP,6ismWYLTwvzngqAzeWLhAfq1jSY2yv8hG55te1HnTw9j,MUFASA,,,,,,SAFE,bo:window_flat (-2.3%); bo:late_slope (-4.80),,setup: bo:window_flat (-2.3%); bo:late_slope (-4.80)
2026-08-27 23:17:57,SKIP,EhCzWhMyUAo87bQ663fV2A6reLhXgdhdcf9ynJV8pump,POKEMON,,,,,,SAFE,bo:1h_out_of_band (-2%); bo:5m_negative (-2.3%),,setup: bo:1h_out_of_band (-2%); bo:5m_negative (-2.3%)
2026-08-27 23:29:11,SCALE,zj1jpp7QMveWHLs61vL9KMZf254KvW7j4AAmBF8ry2k,BULLSHIT,breakout,0.0054123917,,,,,,,"tp1 hit (1.11x) — stop->breakeven, trail 24%"
2026-08-27 23:42:28,SELL,CTPoyCwkjMvoJwU4xvZZqoD8tiYk6yDchySiN5gGpump,fone,breakout,0.0235568531,3.03,0.0376,-0.0482,,,rug_score=100;liq_usd=1.69719e+06;mcap_usd=2.28434e+07;vol24_usd=7.54329e+07;holders=24395;top1_pct=10.36;organic_score=93.22;chg5m_pct=8.29;chg1h_pct=2.84;chg24h_pct=189.84;organic_buyers_5m=20;buys_5m=718;sells_5m=432;dev_mints=1;setup_breakout=1;setup_pullback=0;mv_return_pct=8.959;mv_drawdown_pct=0;mv_slope=2.7623;mv_late_slope=14.9943;mv_vol_pct=1.65;mv_below_high_pct=0;mv_above_low_pct=8.959;mv_holder_growth=19.359;mv_liq_trend_pct=1.736,breakeven_stop
2026-08-27 23:43:10,SCREEN,FZqdw6oSDCbHtKYxmhnfbi97SnyVy8jaYpdCoMrrjKa2,Pistacio,,,,,,SAFE,,,SAFE score=92 | warn:dev_history
2026-08-27 23:43:13,SCREEN,TTWofwAge91oFhZs7kpQdyrVRkmevgM88xijGvQFbKo,TTWO,,,,,,RUG_RISK,,,"RUG_RISK score=92 | hard_fail:mint_authority,freeze_authority | warn:organic_buyers_5m"
2026-08-27 23:43:13,SKIP,TTWofwAge91oFhZs7kpQdyrVRkmevgM88xijGvQFbKo,TTWO,,,,,,RUG_RISK,,,"rug_screen: RUG_RISK score=92 | hard_fail:mint_authority,freeze_authority | warn:organic_buyers_5m"
2026-08-27 23:43:23,SCREEN,7n8kRipxAQBfpGQtcGA2AbkM2HASSVCzqZ5F3QEopump,Zoe,,,,,,SAFE,,,SAFE score=92 | warn:dev_history
2026-08-27 23:43:26,SCREEN,6GmAFSYs4gk3FDao5FzzySQpPZaWsa4rUJHacpMpUNgx,STONK,,,,,,SAFE,,,"SAFE score=84 | warn:dev_history,organic_buyers_5m"
2026-08-27 23:43:28,SCREEN,4kjruqGHDsSqkMdFfCjV7Vb62HPFhtXyWc2t6JpQzDnz,GTA6,,,,,,SAFE,,,"SAFE score=84 | warn:dev_history,organic_buyers_5m"
2026-08-27 23:43:32,SCREEN,SKHYhSjuRWHgikq8eRKbtBbpABgJSkd7ytQV14i9EQ3,SKHY,,,,,,RUG_RISK,,,"RUG_RISK score=92 | hard_fail:mint_authority,freeze_authority,top1_holder,top10_holders | warn:organic_buyers_5m"
2026-08-27 23:43:32,SKIP,SKHYhSjuRWHgikq8eRKbtBbpABgJSkd7ytQV14i9EQ3,SKHY,,,,,,RUG_RISK,,,"rug_screen: RUG_RISK score=92 | hard_fail:mint_authority,freeze_authority,top1_holder,top10_holders | warn:organic_buyers_5m"
2026-08-27 23:43:36,SCREEN,Ge87EtsjwRQbHaqQmKRno69RFTwh9bfSsm99XNxTpump,Jimothy,,,,,,SAFE,,,SAFE score=100
2026-08-27 23:43:39,SCREEN,E3i7sTY5QYEBh3itepnomZQt7Eh5kzmHFk1vkm2pump,cc,,,,,,SAFE,,,"SAFE score=84 | warn:organic_buyers_5m,order_flow_5m"
2026-08-27 23:44:17,SCREEN,6ismWYLTwvzngqAzeWLhAfq1jSY2yv8hG55te1HnTw9j,MUFASA,,,,,,SAFE,,,SAFE score=92 | warn:organic_buyers_5m
2026-08-27 23:45:37,SCREEN,EhCzWhMyUAo87bQ663fV2A6reLhXgdhdcf9ynJV8pump,POKEMON,,,,,,SAFE,,,SAFE score=100
2026-08-27 23:45:55,SKIP,FZqdw6oSDCbHtKYxmhnfbi97SnyVy8jaYpdCoMrrjKa2,Pistacio,,,,,,SAFE,bo:1h_out_of_band (-17%); bo:flow_weak (104/102),,setup: bo:1h_out_of_band (-17%); bo:flow_weak (104/102)
2026-08-27 23:45:57,SKIP,7n8kRipxAQBfpGQtcGA2AbkM2HASSVCzqZ5F3QEopump,Zoe,,,,,,SAFE,bo:window_flat (-0.9%); bo:1h_out_of_band (-7%); bo:5m_negative (-0.2%); bo:flow_weak (12/31),,setup: bo:window_flat (-0.9%); bo:1h_out_of_band (-7%); bo:5m_negative (-0.2%); bo:flow_weak (12/31)
2026-08-27 23:45:59,SKIP,6GmAFSYs4gk3FDao5FzzySQpPZaWsa4rUJHacpMpUNgx,STONK,,,,,,SAFE,bo:window_flat (-0.4%); bo:5m_negative (-0.2%); bo:flow_weak (18/24),,setup: bo:window_flat (-0.4%); bo:5m_negative (-0.2%); bo:flow_weak (18/24)
2026-08-27 23:46:01,SKIP,4kjruqGHDsSqkMdFfCjV7Vb62HPFhtXyWc2t6JpQzDnz,GTA6,,,,,,SAFE,bo:window_flat (-3.1%); bo:5m_negative (-5.7%); bo:flow_weak (29/30),,setup: bo:window_flat (-3.1%); bo:5m_negative (-5.7%); bo:flow_weak (29/30)
2026-08-27 23:46:20,SKIP,Ge87EtsjwRQbHaqQmKRno69RFTwh9bfSsm99XNxTpump,Jimothy,,,,,,SAFE,bo:1h_out_of_band (-1%); bo:flow_weak (38/37),,setup: bo:1h_out_of_band (-1%); bo:flow_weak (38/37)
2026-08-27 23:46:21,SKIP,E3i7sTY5QYEBh3itepnomZQt7Eh5kzmHFk1vkm2pump,cc,,,,,,SAFE,bo:1h_out_of_band (-2%); bo:flow_weak (5/9),,setup: bo:1h_out_of_band (-2%); bo:flow_weak (5/9)
2026-08-27 23:46:34,SCREEN,AA33znW3bciXvrj8AUwPryVgDiasmEGxaqCwjHEWGdkd,b,,,,,,SAFE,,,"SAFE score=84 | warn:dev_history,organic_buyers_5m"
2026-08-27 23:46:55,SCREEN,baLL6cE38iCd12P2hBKUEM32p1d2kpCYi4gFbJ5kKt6,BALLIN,,,,,,SAFE,,,SAFE score=90 | warn:price_5m
2026-08-27 23:46:55,SKIP,6ismWYLTwvzngqAzeWLhAfq1jSY2yv8hG55te1HnTw9j,MUFASA,,,,,,SAFE,bo:window_flat (-1.7%); bo:1h_out_of_band (-2%); bo:5m_negative (-2.5%); bo:flow_weak (11/11),,setup: bo:window_flat (-1.7%); bo:1h_out_of_band (-2%); bo:5m_negative (-2.5%); bo:flow_weak (11/11)
2026-08-27 23:48:18,SCREEN,4PFGKQbJYRZbk8SHNzqQf4DcpyrKJ7r5UKwj4f37pump,RAX,,,,,,SAFE,,,SAFE score=92 | warn:organic_buyers_5m
2026-08-27 23:48:18,SKIP,EhCzWhMyUAo87bQ663fV2A6reLhXgdhdcf9ynJV8pump,POKEMON,,,,,,SAFE,bo:window_flat (-5.7%); bo:1h_out_of_band (-0%); bo:5m_negative (-3.5%); bo:flow_weak (4/9),,setup: bo:window_flat (-5.7%); bo:1h_out_of_band (-0%); bo:5m_negative (-3.5%); bo:flow_weak (4/9)
2026-08-27 23:49:10,SCREEN,FZqdw6oSDCbHtKYxmhnfbi97SnyVy8jaYpdCoMrrjKa2,Pistacio,,,,,,SAFE,,,SAFE score=92 | warn:dev_history
2026-08-27 23:49:14,SCREEN,TTWofwAge91oFhZs7kpQdyrVRkmevgM88xijGvQFbKo,TTWO,,,,,,RUG_RISK,,,"RUG_RISK score=92 | hard_fail:mint_authority,freeze_authority | warn:organic_buyers_5m"
2026-08-27 23:49:14,SKIP,TTWofwAge91oFhZs7kpQdyrVRkmevgM88xijGvQFbKo,TTWO,,,,,,RUG_RISK,,,"rug_screen: RUG_RISK score=92 | hard_fail:mint_authority,freeze_authority | warn:organic_buyers_5m"
2026-08-27 23:49:23,SCREEN,7n8kRipxAQBfpGQtcGA2AbkM2HASSVCzqZ5F3QEopump,Zoe,,,,,,SAFE,,,"SAFE score=76 | warn:dev_history,organic_buyers_5m,order_flow_5m"
2026-08-27 23:49:25,SCREEN,6GmAFSYs4gk3FDao5FzzySQpPZaWsa4rUJHacpMpUNgx,STONK,,,,,,SAFE,,,"SAFE score=84 | warn:dev_history,organic_buyers_5m"
2026-08-27 23:49:28,SCREEN,4kjruqGHDsSqkMdFfCjV7Vb62HPFhtXyWc2t6JpQzDnz,GTA6,,,,,,SAFE,,,SAFE score=92 | warn:dev_history
2026-08-27 23:49:30,SCREEN,SKHYhSjuRWHgikq8eRKbtBbpABgJSkd7ytQV14i9EQ3,SKHY,,,,,,RUG_RISK,,,"RUG_RISK score=92 | hard_fail:mint_authority,freeze_authority,top1_holder,top10_holders | warn:organic_buyers_5m"
2026-08-27 23:49:30,SKIP,SKHYhSjuRWHgikq8eRKbtBbpABgJSkd7ytQV14i9EQ3,SKHY,,,,,,RUG_RISK,,,"rug_screen: RUG_RISK score=92 | hard_fail:mint_authority,freeze_authority,top1_holder,top10_holders | warn:organic_buyers_5m"
2026-08-27 23:49:38,SCREEN,Ge87EtsjwRQbHaqQmKRno69RFTwh9bfSsm99XNxTpump,Jimothy,,,,,,SAFE,,,SAFE score=100
2026-08-27 23:49:41,SCREEN,E3i7sTY5QYEBh3itepnomZQt7Eh5kzmHFk1vkm2pump,cc,,,,,,SAFE,,,SAFE score=92 | warn:organic_buyers_5m
2026-08-27 23:49:43,SKIP,AA33znW3bciXvrj8AUwPryVgDiasmEGxaqCwjHEWGdkd,b,,,,,,SAFE,bo:window_flat (-2.9%); bo:1h_out_of_band (-0%); bo:5m_negative (-4.6%); bo:flow_weak (4/14),,setup: bo:window_flat (-2.9%); bo:1h_out_of_band (-0%); bo:5m_negative (-4.6%); bo:flow_weak (4/14)
2026-08-27 23:49:45,SKIP,baLL6cE38iCd12P2hBKUEM32p1d2kpCYi4gFbJ5kKt6,BALLIN,,,,,,SAFE,bo:window_flat (-0.9%); bo:1h_out_of_band (-29%); bo:5m_negative (-8.8%); bo:flow_weak (20/29),,setup: bo:window_flat (-0.9%); bo:1h_out_of_band (-29%); bo:5m_negative (-8.8%); bo:flow_weak (20/29)
2026-08-27 23:50:30,SCREEN,6ismWYLTwvzngqAzeWLhAfq1jSY2yv8hG55te1HnTw9j,MUFASA,,,,,,SAFE,,,SAFE score=92 | warn:organic_buyers_5m
2026-08-27 23:50:53,BUY,4PFGKQbJYRZbk8SHNzqQf4DcpyrKJ7r5UKwj4f37pump,RAX,breakout,0.0000346712,3.00,0.0375,,SAFE,"breakout: 0.0% off high, 1h +5%, flow 27/14, late slope 1.29",rug_score=92;liq_usd=8766.65;mcap_usd=32779.3;vol24_usd=4.75071e+06;holders=2450;top1_pct=17.77;organic_score=75;chg5m_pct=10.72;chg1h_pct=5.4;chg24h_pct=383.51;organic_buyers_5m=0;buys_5m=27;sells_5m=14;dev_mints=6;setup_breakout=1;setup_pullback=0;mv_return_pct=1.196;mv_drawdown_pct=0;mv_slope=0.0196;mv_late_slope=1.2917;mv_vol_pct=0.955;mv_below_high_pct=0;mv_above_low_pct=2.336;mv_holder_growth=-0.451;mv_liq_trend_pct=0.174,breakout | stop 0.0000322442 | SAFE score=92 | warn:organic_buyers_5m
2026-08-27 23:51:59,SKIP,FZqdw6oSDCbHtKYxmhnfbi97SnyVy8jaYpdCoMrrjKa2,Pistacio,,,,,,SAFE,bo:1h_out_of_band (-24%); bo:5m_negative (-4.7%); bo:flow_weak (256/252),,setup: bo:1h_out_of_band (-24%); bo:5m_negative (-4.7%); bo:flow_weak (256/252)
2026-08-27 23:52:01,SKIP,7n8kRipxAQBfpGQtcGA2AbkM2HASSVCzqZ5F3QEopump,Zoe,,,,,,SAFE,bo:1h_out_of_band (-10%); bo:5m_negative (-2.1%); bo:flow_weak (7/26),,setup: bo:1h_out_of_band (-10%); bo:5m_negative (-2.1%); bo:flow_weak (7/26)
2026-08-27 23:52:03,SKIP,6GmAFSYs4gk3FDao5FzzySQpPZaWsa4rUJHacpMpUNgx,STONK,,,,,,,,,max_concurrent_positions
2026-08-27 23:52:05,SKIP,4kjruqGHDsSqkMdFfCjV7Vb62HPFhtXyWc2t6JpQzDnz,GTA6,,,,,,SAFE,bo:window_flat (-0.1%); bo:5m_negative (-2.2%),,setup: bo:window_flat (-0.1%); bo:5m_negative (-2.2%)
2026-08-27 23:52:22,SKIP,Ge87EtsjwRQbHaqQmKRno69RFTwh9bfSsm99XNxTpump,Jimothy,,,,,,SAFE,bo:flow_weak (29/32),,setup: bo:flow_weak (29/32)
2026-08-27 23:52:24,SKIP,E3i7sTY5QYEBh3itepnomZQt7Eh5kzmHFk1vkm2pump,cc,,,,,,SAFE,bo:1h_out_of_band (-2%); bo:flow_weak (6/13),,setup: bo:1h_out_of_band (-2%); bo:flow_weak (6/13)
2026-08-27 23:53:00,SKIP,6ismWYLTwvzngqAzeWLhAfq1jSY2yv8hG55te1HnTw9j,MUFASA,,,,,,SAFE,bo:1h_out_of_band (-9%),,setup: bo:1h_out_of_band (-9%)
2026-08-27 23:59:39,SCALE,4PFGKQbJYRZbk8SHNzqQf4DcpyrKJ7r5UKwj4f37pump,RAX,breakout,0.0000394752,,,,,,,"tp1 hit (1.14x) — stop->breakeven, trail 24%"
2026-08-28 00:10:11,SELL,4PFGKQbJYRZbk8SHNzqQf4DcpyrKJ7r5UKwj4f37pump,RAX,breakout,0.0000342143,3.00,0.0375,-0.0786,,,rug_score=92;liq_usd=8766.65;mcap_usd=32779.3;vol24_usd=4.75071e+06;holders=2450;top1_pct=17.77;organic_score=75;chg5m_pct=10.72;chg1h_pct=5.4;chg24h_pct=383.51;organic_buyers_5m=0;buys_5m=27;sells_5m=14;dev_mints=6;setup_breakout=1;setup_pullback=0;mv_return_pct=1.196;mv_drawdown_pct=0;mv_slope=0.0196;mv_late_slope=1.2917;mv_vol_pct=0.955;mv_below_high_pct=0;mv_above_low_pct=2.336;mv_holder_growth=-0.451;mv_liq_trend_pct=0.174,breakeven_stop
2026-08-28 00:10:57,SCREEN,AA33znW3bciXvrj8AUwPryVgDiasmEGxaqCwjHEWGdkd,b,,,,,,SAFE,,,"SAFE score=84 | warn:dev_history,organic_buyers_5m"
2026-08-28 00:13:14,SCREEN,FZqdw6oSDCbHtKYxmhnfbi97SnyVy8jaYpdCoMrrjKa2,Pistacio,,,,,,SAFE,,,SAFE score=92 | warn:dev_history
2026-08-28 00:13:16,SCREEN,TTWofwAge91oFhZs7kpQdyrVRkmevgM88xijGvQFbKo,TTWO,,,,,,RUG_RISK,,,"RUG_RISK score=92 | hard_fail:mint_authority,freeze_authority | warn:organic_buyers_5m"
2026-08-28 00:13:16,SKIP,TTWofwAge91oFhZs7kpQdyrVRkmevgM88xijGvQFbKo,TTWO,,,,,,RUG_RISK,,,"rug_screen: RUG_RISK score=92 | hard_fail:mint_authority,freeze_authority | warn:organic_buyers_5m"
2026-08-28 00:13:18,SCREEN,7n8kRipxAQBfpGQtcGA2AbkM2HASSVCzqZ5F3QEopump,Zoe,,,,,,SAFE,,,"SAFE score=84 | warn:dev_history,organic_buyers_5m"
2026-08-28 00:13:21,SCREEN,6GmAFSYs4gk3FDao5FzzySQpPZaWsa4rUJHacpMpUNgx,STONK,,,,,,SAFE,,,"SAFE score=84 | warn:dev_history,organic_buyers_5m"
2026-08-28 00:13:28,SCREEN,4kjruqGHDsSqkMdFfCjV7Vb62HPFhtXyWc2t6JpQzDnz,GTA6,,,,,,SAFE,,,SAFE score=92 | warn:dev_history
2026-08-28 00:13:31,SCREEN,SKHYhSjuRWHgikq8eRKbtBbpABgJSkd7ytQV14i9EQ3,SKHY,,,,,,RUG_RISK,,,"RUG_RISK score=92 | hard_fail:mint_authority,freeze_authority,top1_holder,top10_holders | warn:organic_buyers_5m"
2026-08-28 00:13:31,SKIP,SKHYhSjuRWHgikq8eRKbtBbpABgJSkd7ytQV14i9EQ3,SKHY,,,,,,RUG_RISK,,,"rug_screen: RUG_RISK score=92 | hard_fail:mint_authority,freeze_authority,top1_holder,top10_holders | warn:organic_buyers_5m"
2026-08-28 00:13:34,SCREEN,Ge87EtsjwRQbHaqQmKRno69RFTwh9bfSsm99XNxTpump,Jimothy,,,,,,SAFE,,,SAFE score=100
2026-08-28 00:13:38,SCREEN,E3i7sTY5QYEBh3itepnomZQt7Eh5kzmHFk1vkm2pump,cc,,,,,,SAFE,,,"SAFE score=84 | warn:organic_buyers_5m,order_flow_5m"
2026-08-28 00:13:40,BUY,AA33znW3bciXvrj8AUwPryVgDiasmEGxaqCwjHEWGdkd,b,breakout,0.0001133260,3.00,0.0375,,SAFE,"breakout: -0.8% off high, 1h +12%, flow 11/1, late slope 0.00",rug_score=84;liq_usd=19265.3;mcap_usd=108507;vol24_usd=1.0123e+07;holders=2841;top1_pct=18.93;organic_score=75;chg5m_pct=1.67;chg1h_pct=11.58;chg24h_pct=250.91;organic_buyers_5m=2;buys_5m=11;sells_5m=1;dev_mints=16637;setup_breakout=1;setup_pullback=0;mv_return_pct=2.886;mv_drawdown_pct=-0.802;mv_slope=0.8972;mv_late_slope=0;mv_vol_pct=0.706;mv_below_high_pct=-0.802;mv_above_low_pct=2.886;mv_holder_growth=0.369;mv_liq_trend_pct=1.331,"breakout | stop 0.0001053932 | SAFE score=84 | warn:dev_history,organic_buyers_5m"
2026-08-28 00:16:00,SKIP,FZqdw6oSDCbHtKYxmhnfbi97SnyVy8jaYpdCoMrrjKa2,Pistacio,,,,,,SAFE,bo:window_flat (-0.8%); bo:1h_out_of_band (-5%); bo:flow_weak (59/69); bo:late_slope (-2.11),,setup: bo:window_flat (-0.8%); bo:1h_out_of_band (-5%); bo:flow_weak (59/69); bo:late_slope (-2.11)
2026-08-28 00:16:01,SKIP,7n8kRipxAQBfpGQtcGA2AbkM2HASSVCzqZ5F3QEopump,Zoe,,,,,,SAFE,bo:1h_out_of_band (-3%); bo:flow_weak (14/20),,setup: bo:1h_out_of_band (-3%); bo:flow_weak (14/20)
2026-08-28 00:16:02,SKIP,6GmAFSYs4gk3FDao5FzzySQpPZaWsa4rUJHacpMpUNgx,STONK,,,,,,SAFE,bo:window_flat (-0.4%); bo:1h_out_of_band (-1%); bo:flow_weak (16/15),,setup: bo:window_flat (-0.4%); bo:1h_out_of_band (-1%); bo:flow_weak (16/15)
2026-08-28 00:16:04,SKIP,4kjruqGHDsSqkMdFfCjV7Vb62HPFhtXyWc2t6JpQzDnz,GTA6,,,,,,SAFE,bo:5m_negative (-1.9%); bo:late_slope (-3.01),,setup: bo:5m_negative (-1.9%); bo:late_slope (-3.01)
2026-08-28 00:16:06,SKIP,Ge87EtsjwRQbHaqQmKRno69RFTwh9bfSsm99XNxTpump,Jimothy,,,,,,SAFE,bo:window_flat (-0.1%); bo:1h_out_of_band (1%); bo:5m_negative (-1.0%); bo:flow_weak (25/36),,setup: bo:window_flat (-0.1%); bo:1h_out_of_band (1%); bo:5m_negative (-1.0%); bo:flow_weak (25/36)
2026-08-28 00:16:08,SKIP,E3i7sTY5QYEBh3itepnomZQt7Eh5kzmHFk1vkm2pump,cc,,,,,,SAFE,bo:1h_out_of_band (-4%),,setup: bo:1h_out_of_band (-4%)
2026-08-28 00:37:00,SELL,AA33znW3bciXvrj8AUwPryVgDiasmEGxaqCwjHEWGdkd,b,breakout,0.0001028151,2.75,0.0369,-0.3196,,,rug_score=84;liq_usd=19265.3;mcap_usd=108507;vol24_usd=1.0123e+07;holders=2841;top1_pct=18.93;organic_score=75;chg5m_pct=1.67;chg1h_pct=11.58;chg24h_pct=250.91;organic_buyers_5m=2;buys_5m=11;sells_5m=1;dev_mints=16637;setup_breakout=1;setup_pullback=0;mv_return_pct=2.886;mv_drawdown_pct=-0.802;mv_slope=0.8972;mv_late_slope=0;mv_vol_pct=0.706;mv_below_high_pct=-0.802;mv_above_low_pct=2.886;mv_holder_growth=0.369;mv_liq_trend_pct=1.331,hard_stop (-8%)
2026-08-28 00:37:26,SCREEN,FZqdw6oSDCbHtKYxmhnfbi97SnyVy8jaYpdCoMrrjKa2,Pistacio,,,,,,SAFE,,,SAFE score=92 | warn:dev_history
2026-08-28 00:37:29,SCREEN,TTWofwAge91oFhZs7kpQdyrVRkmevgM88xijGvQFbKo,TTWO,,,,,,RUG_RISK,,,"RUG_RISK score=92 | hard_fail:mint_authority,freeze_authority | warn:organic_buyers_5m"
2026-08-28 00:37:29,SKIP,TTWofwAge91oFhZs7kpQdyrVRkmevgM88xijGvQFbKo,TTWO,,,,,,RUG_RISK,,,"rug_screen: RUG_RISK score=92 | hard_fail:mint_authority,freeze_authority | warn:organic_buyers_5m"
2026-08-28 00:37:32,SCREEN,7n8kRipxAQBfpGQtcGA2AbkM2HASSVCzqZ5F3QEopump,Zoe,,,,,,SAFE,,,SAFE score=92 | warn:dev_history
2026-08-28 00:37:34,SCREEN,6GmAFSYs4gk3FDao5FzzySQpPZaWsa4rUJHacpMpUNgx,STONK,,,,,,SAFE,,,SAFE score=92 | warn:dev_history
2026-08-28 00:37:38,SCREEN,4kjruqGHDsSqkMdFfCjV7Vb62HPFhtXyWc2t6JpQzDnz,GTA6,,,,,,SAFE,,,SAFE score=92 | warn:dev_history
2026-08-28 00:37:42,SCREEN,SKHYhSjuRWHgikq8eRKbtBbpABgJSkd7ytQV14i9EQ3,SKHY,,,,,,RUG_RISK,,,"RUG_RISK score=92 | hard_fail:mint_authority,freeze_authority,top1_holder,top10_holders | warn:organic_buyers_5m"
2026-08-28 00:37:42,SKIP,SKHYhSjuRWHgikq8eRKbtBbpABgJSkd7ytQV14i9EQ3,SKHY,,,,,,RUG_RISK,,,"rug_screen: RUG_RISK score=92 | hard_fail:mint_authority,freeze_authority,top1_holder,top10_holders | warn:organic_buyers_5m"
2026-08-28 00:37:45,SCREEN,Ge87EtsjwRQbHaqQmKRno69RFTwh9bfSsm99XNxTpump,Jimothy,,,,,,SAFE,,,SAFE score=92 | warn:organic_buyers_5m
2026-08-28 00:40:00,BUY,FZqdw6oSDCbHtKYxmhnfbi97SnyVy8jaYpdCoMrrjKa2,Pistacio,breakout,0.0043909707,3.00,0.0375,,SAFE,"breakout: -0.0% off high, 1h +3%, flow 58/43, late slope -0.00",rug_score=92;liq_usd=565511;mcap_usd=4.18908e+06;vol24_usd=1.20192e+07;holders=19112;top1_pct=12.17;organic_score=92.57;chg5m_pct=1.39;chg1h_pct=2.71;chg24h_pct=-13.72;organic_buyers_5m=9;buys_5m=58;sells_5m=43;dev_mints=3888;setup_breakout=1;setup_pullback=0;mv_return_pct=0.422;mv_drawdown_pct=-0.034;mv_slope=0.2813;mv_late_slope=-0;mv_vol_pct=0.578;mv_below_high_pct=-0.034;mv_above_low_pct=1.324;mv_holder_growth=0.392;mv_liq_trend_pct=0.436,breakout | stop 0.0040836027 | SAFE score=92 | warn:dev_history
2026-08-28 00:40:03,SKIP,7n8kRipxAQBfpGQtcGA2AbkM2HASSVCzqZ5F3QEopump,Zoe,,,,,,SAFE,bo:window_flat (-1.8%); bo:1h_out_of_band (2%); bo:5m_negative (-2.3%); bo:flow_weak (7/17),,setup: bo:window_flat (-1.8%); bo:1h_out_of_band (2%); bo:5m_negative (-2.3%); bo:flow_weak (7/17)
2026-08-28 00:40:05,SKIP,6GmAFSYs4gk3FDao5FzzySQpPZaWsa4rUJHacpMpUNgx,STONK,,,,,,SAFE,bo:1h_out_of_band (1%),,setup: bo:1h_out_of_band (1%)
2026-08-28 00:40:14,SKIP,4kjruqGHDsSqkMdFfCjV7Vb62HPFhtXyWc2t6JpQzDnz,GTA6,,,,,,SAFE,bo:1h_out_of_band (-2%); bo:5m_negative (-1.1%); bo:flow_weak (11/23),,setup: bo:1h_out_of_band (-2%); bo:5m_negative (-1.1%); bo:flow_weak (11/23)
2026-08-28 00:40:24,SKIP,Ge87EtsjwRQbHaqQmKRno69RFTwh9bfSsm99XNxTpump,Jimothy,,,,,,SAFE,bo:5m_negative (-0.4%),,setup: bo:5m_negative (-0.4%)
2026-08-28 00:53:59,SELL,FZqdw6oSDCbHtKYxmhnfbi97SnyVy8jaYpdCoMrrjKa2,Pistacio,breakout,0.0040281770,2.79,0.0370,-0.2889,,,rug_score=92;liq_usd=565511;mcap_usd=4.18908e+06;vol24_usd=1.20192e+07;holders=19112;top1_pct=12.17;organic_score=92.57;chg5m_pct=1.39;chg1h_pct=2.71;chg24h_pct=-13.72;organic_buyers_5m=9;buys_5m=58;sells_5m=43;dev_mints=3888;setup_breakout=1;setup_pullback=0;mv_return_pct=0.422;mv_drawdown_pct=-0.034;mv_slope=0.2813;mv_late_slope=-0;mv_vol_pct=0.578;mv_below_high_pct=-0.034;mv_above_low_pct=1.324;mv_holder_growth=0.392;mv_liq_trend_pct=0.436,hard_stop (-7%)
